requirement_uid,document_id,requirement_id,requirement_type,requirement_name,raw_text,normalized_list_text,flat_text
kexim_ai_platform:INR-DTL-005,kexim_ai_platform,INR-DTL-005,인프라 상세 요구사항,상용 S/W 도입 품목 요구사항,"상용 S/W 도입 품목 요구사항
◦ 도입품목 및 수량
연번기능용도수량
1WEBWEB 서버12
2WASWAS 서버
3AI 기반 솔루션LLM 서빙 및 에이전트 관리도구 등5
4DB 암호화DB암호화 플러그인 S/W
5RDBMS대용량 데이터 처리가 가능한 데이터베이스 관리 S/W
6파서/AIOCR문서 파서 및 OCR 모듈
7ECMECM 솔루션4
◦ 납품하는 HW(상용SW가 설치되는 대상) 시스템의 규격과 구성(Core 수, Server 수, User 수 등)을 충족하는 라이선스 제공
◦ 업무 편의성 및 성능, 안정성 등을 고려한 윈백도 가능
◦ 수량은 주 사업자의 인프라 설계에 따라 변동 가능(제시 수량은 최소수량임)
◦ 수량은 서버 단위 및 서비스별로 산정하였으며, 실 구매시 S/W구매 정책에 따라 수량이 변경될 수 있음
1. AI 기반 솔루션
구분세부 사양비고
AI 기반 솔루션- ASR-001~ASR-009 요구사항 참조
- VectorDB, Message Broker, Cache, 모니터링 대시보드, 컨테이너엔진 기능을 통합 제공해야 함(설치포함)
1-1 Vector DB
구분세부 사양비고
Vector DB- 청크 텍스트를 벡터화하여 저장
- 저장된 벡터와 입력 텍스트의 벡터 비교를 통한 유사도 검색 기능 제공
- 벡터 데이터의 원본 텍스트 요청시 해당 청크 제공 및 관련 메타정보 제공이 가능해야 함
- 성능 보장 및 가용성 확보를 위해 이중화 또는 삼중화 DB로 구성
- 10TB 텍스트 데이터 기준으로 벡터 유사도 검색 시간은 최대 3초 이내임
1-2. Message Broker
구분세부 사양비고
Message Broker- 메시지 데이터 스트림의 안정적 전달 보장
- 메시지 전달 순서와 적어도 한번의 메시지 전송을 보장하며 중복 수행이 없어야 함
- AI 플랫폼 수행을 위해 100MB/s 이상의 처리량과 건당 10ms 이하의 지연시간을 보장해야 함
- 고가용성 및 높은 확장성을 제공해야 함
1-3. Cache
구분세부 사양비고
Cache- 키-값(Key-Value) 기반 정보 구조 및 데이터 접근기능 제공
- 인메모리 처리를 통해 평균 3ms 처리속도 보장
- String, List, Hash 등 다양한 데이터 타입 지원
- Java, Python 등 다양한 언어 지원
- 영속성 보장을 위한 디스크 저장 및 복구 제공
1-4. 모니터링 대시보드
구분세부 사양비고
모니터링 대시보드- 서버 리소스 모니터링 및 컨테이너 클러스터 모니터링 제공
- 서버 리소스, DBMS, 컨테이너 클러스터 등 다양한 데이터 소스 연계
- 여러 데이터 원본을 하나의 대시보드에 통합하고, 다양한 표 및 그래프 형식으로 시각화
- 모든 데이터 소스에 대한 경고 규칙 생성 및 장애 시 알림기능 제공
1-5. 컨테이너 엔진
구분세부 사양비고
컨테이너 엔진- 컨테이너화된 애플리케이션의 배포/확장/관리
- 자동화된 컨테이너 관리(Orchestration)
- 무응답 컨테이너의 자동 종료 및 생성 (Self-Healing)
- 트래픽 변화에 따른 컨테이너 수 자동 조정
- 부하 분산(Load Balancing)을 통한 서비스 안정성 확보
- YAML 파일 등으로 정의된 상태의 자동 유지
2. WEB
구분세부 사양비고
WEB- 수량 : 총 12EA 이상
(ECM) 4EA 이상 /(플랫폼) 8EA 이상
- (ECM) 16 core 이상/ (플랫폼) 2 core 이상
- 외부 로드밸런서 등을 통한 부하분산 및 이중화 지원
- 내장 웹서버 사용 지원
- 정적 콘텐츠 (HTML, JS, CSS 등) 서빙
- HTTPS 및 TLS 암호화 통신 지원
- RESTful API 및 SOAP 단순 중계 가능
- API Gateway 역할 가능
3. WAS
구분세부 사양비고
WAS- 수량 : 총 12EA 이상
(ECM) 4EA 이상 / (플랫폼) 8EA 이상
- (ECM) 16 core 이상/ (플랫폼) 4 core 이상
- 고가용성(H/A) 구성 가능해야 함
- 내장 웹서버 사용 지원
- RESTful API 및 단순 SOAP 통신 지원
- WAS 인스턴스 이중화 구성 가능 (Session Replication 등은 선택사항)
- 클러스터링 지원 (Tomcat + Redis 등 세션 공유 등)
- 로드밸런서 또는 리버스 프록시 통한 WAS 분산
- 외부 로드밸런서 등을 통한 부하분산 및 이중화 지원
4. DB 암호화
구분세부 사양비고
DB 암호화- 수량 : 총 5EA 이상
- 국내 공인 알고리즘인 ARIA, SEED를 비롯하여 AES, DES, 3DES, RC5, RC4등의 다양한 암호화 알고리즘 및 SHA1/SHA2, MD5, HAS160등의 다양한 해시 알고리즘을 제공
- 다양한 알림 기능 및 스케쥴링 작업, 모니터링, 통계 리포트 제공
- API와 Plug-in 방식 혼용 지원 가능
- 컬럼별 적용 및 암호화된 Index 검색 기능 지원
- 정책/APP 서버 장애시 서비스 보장
- 대용량 암호화 후에도 고성능 보장
- 컬럼 사이즈 증가 없이 암호화 가능
- DB 특화 기술을 통한 Migration Tool 제공
5. RDBMS
구분세부 사양비고
RDBMS- 수량 : 총 5EA 이상
- 상용 DBMS 제품을 통해 구축할 것
- HCI 환경에서 안정적으로 구동 가능해야 함
- Oracle, MSSql, postgre, Tibero 등 타 RDBMS와 데이터 실시간 송수신 가능해야 함
- 최신 표준 SQL(ISO/IEC 9075:2023) 규격 지원
- 동적 데이터베이스 구조 변경(테이블 구조 변경, 인덱스 생성 및 변경) 지원
- 다수의 동시 사용자에 의한 대용량 데이터 처리를 지원
- 데이터 최적화를 위한 온라인 인덱스 재정렬 기능 제공
- 행 수준 잠금(Row-Level Locking) 등 효율적인 Lock Mechanism을 제공
- 트랜잭션 Rollback 기능 지원
- 읽기와 쓰기 작업 간 독립성을 보장하여 실시간 시스템 구축이 가능할 것
- 대량 데이터 접근 시 Lock Escalation(확장)이 없을 것
- 다양한 병렬 처리(병렬 조회, 병렬 조인, 병렬 집계) 기법 제공
- 시스템 용량, 성능, 가용성 등을 위해 CPU, Disk, Server 등의 추가가 발생하였을 경우 데이터의 재배치 없이 즉시 확장 지원
- 업무 증가에 따른 시스템 확장 시 성능 보장을 위한 방법을 제시
- 다양한 데이터 탑재, 추출 기능을 제공
- Online 전체백업 및 증분백업, 트랜잭션 로그 백업 및 시점 복구 기능 제공
- 하나의 테이블, 인덱스를 물리적으로 나누어 관리할 수 있는 기능 제공
- Range, Hash, List 파티셔닝 및 Composite 파티셔닝 제공
- 대량 데이터의 손쉬운 유지관리를 위한 파티션 분리 및 추가 기능 제공
- 성능향상을 위한 파티션 테이블 간 조인 (Join) 지원
- JSON, Columnar 등 데이터 타입 지원
- Materialized view 지원
- 자유로운 기능 확장 지원
- 데이터베이스 노드의 동적(무중단) 추가, 삭제 기능 제공
- 다중 클러스터 환경에서 가용성 보장을 위한 VIP 관리 및 Load Balancing 기능 제공
- 클러스터링된 데이터베이스에서 장애발생 시 자동 장애복구(Auto Failover)기능 자체 제공
- DBMS 관리 편의성 보장을 위한 GUI 기반 통합관리 제공
- CLI 기반의 모니터링 기능 제공
- 다중 DBMS 영역과 시스템 영역의 통합 성능 모니터링 기본 지원
- On-Premise 및 Cloud 환경 통합 관제가 가능한 모니터링 기능 지원
- 데이터 암호화 (어플리케이션 API, DB API 및 Hybrid 방식) 지원
(단, 보안 강화를 위한 암호화 키 완전 분리 지원)
- 호스트 기반의 접근관리 기능 및 GUI 기반 관리 기능 제공
- 데이터베이스 감사 기능 제공
- 정기 및 예약작업 수행을 위한 스케줄 기능 제공
6. 파서/AI OCR
구분세부 사양비고
파서/AIOCR- 수량 : 5EA
- 비정형 파일 내 레이아웃 분석 및 텍스트, 표, 이미지 등
데이터를 추출하여 구조화된 데이터로 파싱 기능 제공
- 데이터 추출시 문서내 맥락(문장 간 관계 고려)한 의미
단위 청킹 등 AI 학습을 위한 데이터 전처리 기능 제공
- 데이터 추출,파싱,로드 등 AI 플랫폼의 데이터 전처리
를 지원하고, 데이터 파이프라인과 연계 기능 제공
- 입력포맷: HWP, DOC, PPT, XLS, XLSX, PDF, TIF,
JPG, PNG 등 다양한 형식의 포맷 지원
- 출력포맷: PDF, TXT, HTML 등 다양한 형식의 파일
포맷 지원
- HCI내 Linux 컨테이너 또는 VM기반에서 설치 및 구동
- 멀티쓰레드를 통한 분산 처리 지원하여야 함
- 비정형 문서(계약서,서류,인보이스)내 핵심 Key-Value
페어 결과 추출 필요
- (OCR 관련)
· 이미지 파일/PDF 전문 인식 기능 제공
· 지원언어: 한국어, 영어 필수 지원
· JSON, CSV, EXCEL 등의 다양한 파일 출력 포맷
및 OCR 결과 기반의 Readable PDF 변환 지원
· OCR 변환 처리 결과에 대해 구조화된 JSON 결과 및 Key-Value 결과
· OCR 변환 처리 결과에 대해 텍스트 추출 저장 기능 제공
· 변환 실패 시 오류메시지 통보 또는 파일 저장
· 타 시스템 연계 등 커스터마이징를 위한 API 지원
· 한글, 영문, 숫자, 특수문자 + (생활)한자 지원가능
· GUI 기반 서식인식도구(폼메이커) 제공을 통한 정형
서식 내 KVP 추출 지원
7. ECM
구분세부 사양비고
ECM- ECR-001~ECR-009 요구사항 참조
- 수량 :　4EA(운영 이중화, 개발/테스트, DR)","상용 S/W 도입 품목 요구사항
- 도입품목 및 수량
연번기능용도수량
1WEBWEB 서버12
2WASWAS 서버
3AI 기반 솔루션LLM 서빙 및 에이전트 관리도구 등5
4DB 암호화DB암호화 플러그인 S/W
5RDBMS대용량 데이터 처리가 가능한 데이터베이스 관리 S/W
6파서/AIOCR문서 파서 및 OCR 모듈
7ECMECM 솔루션4
- 납품하는 HW(상용SW가 설치되는 대상) 시스템의 규격과 구성(Core 수, Server 수, User 수 등)을 충족하는 라이선스 제공
- 업무 편의성 및 성능, 안정성 등을 고려한 윈백도 가능
- 수량은 주 사업자의 인프라 설계에 따라 변동 가능(제시 수량은 최소수량임)
- 수량은 서버 단위 및 서비스별로 산정하였으며, 실 구매시 S/W구매 정책에 따라 수량이 변경될 수 있음
1. AI 기반 솔루션
구분세부 사양비고
AI 기반 솔루션- ASR-001~ASR-009 요구사항 참조
- VectorDB, Message Broker, Cache, 모니터링 대시보드, 컨테이너엔진 기능을 통합 제공해야 함(설치포함)
1-1 Vector DB
구분세부 사양비고
Vector DB- 청크 텍스트를 벡터화하여 저장
- 저장된 벡터와 입력 텍스트의 벡터 비교를 통한 유사도 검색 기능 제공
- 벡터 데이터의 원본 텍스트 요청시 해당 청크 제공 및 관련 메타정보 제공이 가능해야 함
- 성능 보장 및 가용성 확보를 위해 이중화 또는 삼중화 DB로 구성
- 10TB 텍스트 데이터 기준으로 벡터 유사도 검색 시간은 최대 3초 이내임
1-2. Message Broker
구분세부 사양비고
Message Broker- 메시지 데이터 스트림의 안정적 전달 보장
- 메시지 전달 순서와 적어도 한번의 메시지 전송을 보장하며 중복 수행이 없어야 함
- AI 플랫폼 수행을 위해 100MB/s 이상의 처리량과 건당 10ms 이하의 지연시간을 보장해야 함
- 고가용성 및 높은 확장성을 제공해야 함
1-3. Cache
구분세부 사양비고
Cache- 키-값(Key-Value) 기반 정보 구조 및 데이터 접근기능 제공
- 인메모리 처리를 통해 평균 3ms 처리속도 보장
- String, List, Hash 등 다양한 데이터 타입 지원
- Java, Python 등 다양한 언어 지원
- 영속성 보장을 위한 디스크 저장 및 복구 제공
1-4. 모니터링 대시보드
구분세부 사양비고
모니터링 대시보드- 서버 리소스 모니터링 및 컨테이너 클러스터 모니터링 제공
- 서버 리소스, DBMS, 컨테이너 클러스터 등 다양한 데이터 소스 연계
- 여러 데이터 원본을 하나의 대시보드에 통합하고, 다양한 표 및 그래프 형식으로 시각화
- 모든 데이터 소스에 대한 경고 규칙 생성 및 장애 시 알림기능 제공
1-5. 컨테이너 엔진
구분세부 사양비고
컨테이너 엔진- 컨테이너화된 애플리케이션의 배포/확장/관리
- 자동화된 컨테이너 관리(Orchestration)
- 무응답 컨테이너의 자동 종료 및 생성 (Self-Healing)
- 트래픽 변화에 따른 컨테이너 수 자동 조정
- 부하 분산(Load Balancing)을 통한 서비스 안정성 확보
- YAML 파일 등으로 정의된 상태의 자동 유지
2. WEB
구분세부 사양비고
WEB- 수량 : 총 12EA 이상
(ECM) 4EA 이상 /(플랫폼) 8EA 이상
- (ECM) 16 core 이상/ (플랫폼) 2 core 이상
- 외부 로드밸런서 등을 통한 부하분산 및 이중화 지원
- 내장 웹서버 사용 지원
- 정적 콘텐츠 (HTML, JS, CSS 등) 서빙
- HTTPS 및 TLS 암호화 통신 지원
- RESTful API 및 SOAP 단순 중계 가능
- API Gateway 역할 가능
3. WAS
구분세부 사양비고
WAS- 수량 : 총 12EA 이상
(ECM) 4EA 이상 / (플랫폼) 8EA 이상
- (ECM) 16 core 이상/ (플랫폼) 4 core 이상
- 고가용성(H/A) 구성 가능해야 함
- 내장 웹서버 사용 지원
- RESTful API 및 단순 SOAP 통신 지원
- WAS 인스턴스 이중화 구성 가능 (Session Replication 등은 선택사항)
- 클러스터링 지원 (Tomcat + Redis 등 세션 공유 등)
- 로드밸런서 또는 리버스 프록시 통한 WAS 분산
- 외부 로드밸런서 등을 통한 부하분산 및 이중화 지원
4. DB 암호화
구분세부 사양비고
DB 암호화- 수량 : 총 5EA 이상
- 국내 공인 알고리즘인 ARIA, SEED를 비롯하여 AES, DES, 3DES, RC5, RC4등의 다양한 암호화 알고리즘 및 SHA1/SHA2, MD5, HAS160등의 다양한 해시 알고리즘을 제공
- 다양한 알림 기능 및 스케쥴링 작업, 모니터링, 통계 리포트 제공
- API와 Plug-in 방식 혼용 지원 가능
- 컬럼별 적용 및 암호화된 Index 검색 기능 지원
- 정책/APP 서버 장애시 서비스 보장
- 대용량 암호화 후에도 고성능 보장
- 컬럼 사이즈 증가 없이 암호화 가능
- DB 특화 기술을 통한 Migration Tool 제공
5. RDBMS
구분세부 사양비고
RDBMS- 수량 : 총 5EA 이상
- 상용 DBMS 제품을 통해 구축할 것
- HCI 환경에서 안정적으로 구동 가능해야 함
- Oracle, MSSql, postgre, Tibero 등 타 RDBMS와 데이터 실시간 송수신 가능해야 함
- 최신 표준 SQL(ISO/IEC 9075:2023) 규격 지원
- 동적 데이터베이스 구조 변경(테이블 구조 변경, 인덱스 생성 및 변경) 지원
- 다수의 동시 사용자에 의한 대용량 데이터 처리를 지원
- 데이터 최적화를 위한 온라인 인덱스 재정렬 기능 제공
- 행 수준 잠금(Row-Level Locking) 등 효율적인 Lock Mechanism을 제공
- 트랜잭션 Rollback 기능 지원
- 읽기와 쓰기 작업 간 독립성을 보장하여 실시간 시스템 구축이 가능할 것
- 대량 데이터 접근 시 Lock Escalation(확장)이 없을 것
- 다양한 병렬 처리(병렬 조회, 병렬 조인, 병렬 집계) 기법 제공
- 시스템 용량, 성능, 가용성 등을 위해 CPU, Disk, Server 등의 추가가 발생하였을 경우 데이터의 재배치 없이 즉시 확장 지원
- 업무 증가에 따른 시스템 확장 시 성능 보장을 위한 방법을 제시
- 다양한 데이터 탑재, 추출 기능을 제공
- Online 전체백업 및 증분백업, 트랜잭션 로그 백업 및 시점 복구 기능 제공
- 하나의 테이블, 인덱스를 물리적으로 나누어 관리할 수 있는 기능 제공
- Range, Hash, List 파티셔닝 및 Composite 파티셔닝 제공
- 대량 데이터의 손쉬운 유지관리를 위한 파티션 분리 및 추가 기능 제공
- 성능향상을 위한 파티션 테이블 간 조인 (Join) 지원
- JSON, Columnar 등 데이터 타입 지원
- Materialized view 지원
- 자유로운 기능 확장 지원
- 데이터베이스 노드의 동적(무중단) 추가, 삭제 기능 제공
- 다중 클러스터 환경에서 가용성 보장을 위한 VIP 관리 및 Load Balancing 기능 제공
- 클러스터링된 데이터베이스에서 장애발생 시 자동 장애복구(Auto Failover)기능 자체 제공
- DBMS 관리 편의성 보장을 위한 GUI 기반 통합관리 제공
- CLI 기반의 모니터링 기능 제공
- 다중 DBMS 영역과 시스템 영역의 통합 성능 모니터링 기본 지원
- On-Premise 및 Cloud 환경 통합 관제가 가능한 모니터링 기능 지원
- 데이터 암호화 (어플리케이션 API, DB API 및 Hybrid 방식) 지원
(단, 보안 강화를 위한 암호화 키 완전 분리 지원)
- 호스트 기반의 접근관리 기능 및 GUI 기반 관리 기능 제공
- 데이터베이스 감사 기능 제공
- 정기 및 예약작업 수행을 위한 스케줄 기능 제공
6. 파서/AI OCR
구분세부 사양비고
파서/AIOCR- 수량 : 5EA
- 비정형 파일 내 레이아웃 분석 및 텍스트, 표, 이미지 등
데이터를 추출하여 구조화된 데이터로 파싱 기능 제공
- 데이터 추출시 문서내 맥락(문장 간 관계 고려)한 의미
단위 청킹 등 AI 학습을 위한 데이터 전처리 기능 제공
- 데이터 추출,파싱,로드 등 AI 플랫폼의 데이터 전처리
를 지원하고, 데이터 파이프라인과 연계 기능 제공
- 입력포맷: HWP, DOC, PPT, XLS, XLSX, PDF, TIF,
JPG, PNG 등 다양한 형식의 포맷 지원
- 출력포맷: PDF, TXT, HTML 등 다양한 형식의 파일
포맷 지원
- HCI내 Linux 컨테이너 또는 VM기반에서 설치 및 구동
- 멀티쓰레드를 통한 분산 처리 지원하여야 함
- 비정형 문서(계약서,서류,인보이스)내 핵심 Key-Value
페어 결과 추출 필요
- (OCR 관련)
- 이미지 파일/PDF 전문 인식 기능 제공
- 지원언어: 한국어, 영어 필수 지원
- JSON, CSV, EXCEL 등의 다양한 파일 출력 포맷
및 OCR 결과 기반의 Readable PDF 변환 지원
- OCR 변환 처리 결과에 대해 구조화된 JSON 결과 및 Key-Value 결과
- OCR 변환 처리 결과에 대해 텍스트 추출 저장 기능 제공
- 변환 실패 시 오류메시지 통보 또는 파일 저장
- 타 시스템 연계 등 커스터마이징를 위한 API 지원
- 한글, 영문, 숫자, 특수문자 + (생활)한자 지원가능
- GUI 기반 서식인식도구(폼메이커) 제공을 통한 정형
서식 내 KVP 추출 지원
7. ECM
구분세부 사양비고
ECM- ECR-001~ECR-009 요구사항 참조
- 수량 :　4EA(운영 이중화, 개발/테스트, DR)","상용 S/W 도입 품목 요구사항 도입품목 및 수량 연번기능용도수량 1WEBWEB 서버12 2WASWAS 서버 3AI 기반 솔루션LLM 서빙 및 에이전트 관리도구 등5 4DB 암호화DB암호화 플러그인 S/W 5RDBMS대용량 데이터 처리가 가능한 데이터베이스 관리 S/W 6파서/AIOCR문서 파서 및 OCR 모듈 7ECMECM 솔루션4 납품하는 HW(상용SW가 설치되는 대상) 시스템의 규격과 구성(Core 수, Server 수, User 수 등)을 충족하는 라이선스 제공 업무 편의성 및 성능, 안정성 등을 고려한 윈백도 가능 수량은 주 사업자의 인프라 설계에 따라 변동 가능(제시 수량은 최소수량임) 수량은 서버 단위 및 서비스별로 산정하였으며, 실 구매시 S/W구매 정책에 따라 수량이 변경될 수 있음 1. AI 기반 솔루션 구분세부 사양비고 AI 기반 솔루션- ASR-001~ASR-009 요구사항 참조 VectorDB, Message Broker, Cache, 모니터링 대시보드, 컨테이너엔진 기능을 통합 제공해야 함(설치포함) 1-1 Vector DB 구분세부 사양비고 Vector DB- 청크 텍스트를 벡터화하여 저장 저장된 벡터와 입력 텍스트의 벡터 비교를 통한 유사도 검색 기능 제공 벡터 데이터의 원본 텍스트 요청시 해당 청크 제공 및 관련 메타정보 제공이 가능해야 함 성능 보장 및 가용성 확보를 위해 이중화 또는 삼중화 DB로 구성 10TB 텍스트 데이터 기준으로 벡터 유사도 검색 시간은 최대 3초 이내임 1-2. Message Broker 구분세부 사양비고 Message Broker- 메시지 데이터 스트림의 안정적 전달 보장 메시지 전달 순서와 적어도 한번의 메시지 전송을 보장하며 중복 수행이 없어야 함 AI 플랫폼 수행을 위해 100MB/s 이상의 처리량과 건당 10ms 이하의 지연시간을 보장해야 함 고가용성 및 높은 확장성을 제공해야 함 1-3. Cache 구분세부 사양비고 Cache- 키-값(Key-Value) 기반 정보 구조 및 데이터 접근기능 제공 인메모리 처리를 통해 평균 3ms 처리속도 보장 String, List, Hash 등 다양한 데이터 타입 지원 Java, Python 등 다양한 언어 지원 영속성 보장을 위한 디스크 저장 및 복구 제공 1-4. 모니터링 대시보드 구분세부 사양비고 모니터링 대시보드- 서버 리소스 모니터링 및 컨테이너 클러스터 모니터링 제공 서버 리소스, DBMS, 컨테이너 클러스터 등 다양한 데이터 소스 연계 여러 데이터 원본을 하나의 대시보드에 통합하고, 다양한 표 및 그래프 형식으로 시각화 모든 데이터 소스에 대한 경고 규칙 생성 및 장애 시 알림기능 제공 1-5. 컨테이너 엔진 구분세부 사양비고 컨테이너 엔진- 컨테이너화된 애플리케이션의 배포/확장/관리 자동화된 컨테이너 관리(Orchestration) 무응답 컨테이너의 자동 종료 및 생성 (Self-Healing) 트래픽 변화에 따른 컨테이너 수 자동 조정 부하 분산(Load Balancing)을 통한 서비스 안정성 확보 YAML 파일 등으로 정의된 상태의 자동 유지 2. WEB 구분세부 사양비고 WEB- 수량 : 총 12EA 이상 (ECM) 4EA 이상 /(플랫폼) 8EA 이상 (ECM) 16 core 이상/ (플랫폼) 2 core 이상 외부 로드밸런서 등을 통한 부하분산 및 이중화 지원 내장 웹서버 사용 지원 정적 콘텐츠 (HTML, JS, CSS 등) 서빙 HTTPS 및 TLS 암호화 통신 지원 RESTful API 및 SOAP 단순 중계 가능 API Gateway 역할 가능 3. WAS 구분세부 사양비고 WAS- 수량 : 총 12EA 이상 (ECM) 4EA 이상 / (플랫폼) 8EA 이상 (ECM) 16 core 이상/ (플랫폼) 4 core 이상 고가용성(H/A) 구성 가능해야 함 내장 웹서버 사용 지원 RESTful API 및 단순 SOAP 통신 지원 WAS 인스턴스 이중화 구성 가능 (Session Replication 등은 선택사항) 클러스터링 지원 (Tomcat + Redis 등 세션 공유 등) 로드밸런서 또는 리버스 프록시 통한 WAS 분산 외부 로드밸런서 등을 통한 부하분산 및 이중화 지원 4. DB 암호화 구분세부 사양비고 DB 암호화- 수량 : 총 5EA 이상 국내 공인 알고리즘인 ARIA, SEED를 비롯하여 AES, DES, 3DES, RC5, RC4등의 다양한 암호화 알고리즘 및 SHA1/SHA2, MD5, HAS160등의 다양한 해시 알고리즘을 제공 다양한 알림 기능 및 스케쥴링 작업, 모니터링, 통계 리포트 제공 API와 Plug-in 방식 혼용 지원 가능 컬럼별 적용 및 암호화된 Index 검색 기능 지원 정책/APP 서버 장애시 서비스 보장 대용량 암호화 후에도 고성능 보장 컬럼 사이즈 증가 없이 암호화 가능 DB 특화 기술을 통한 Migration Tool 제공 5. RDBMS 구분세부 사양비고 RDBMS- 수량 : 총 5EA 이상 상용 DBMS 제품을 통해 구축할 것 HCI 환경에서 안정적으로 구동 가능해야 함 Oracle, MSSql, postgre, Tibero 등 타 RDBMS와 데이터 실시간 송수신 가능해야 함 최신 표준 SQL(ISO/IEC 9075:2023) 규격 지원 동적 데이터베이스 구조 변경(테이블 구조 변경, 인덱스 생성 및 변경) 지원 다수의 동시 사용자에 의한 대용량 데이터 처리를 지원 데이터 최적화를 위한 온라인 인덱스 재정렬 기능 제공 행 수준 잠금(Row-Level Locking) 등 효율적인 Lock Mechanism을 제공 트랜잭션 Rollback 기능 지원 읽기와 쓰기 작업 간 독립성을 보장하여 실시간 시스템 구축이 가능할 것 대량 데이터 접근 시 Lock Escalation(확장)이 없을 것 다양한 병렬 처리(병렬 조회, 병렬 조인, 병렬 집계) 기법 제공 시스템 용량, 성능, 가용성 등을 위해 CPU, Disk, Server 등의 추가가 발생하였을 경우 데이터의 재배치 없이 즉시 확장 지원 업무 증가에 따른 시스템 확장 시 성능 보장을 위한 방법을 제시 다양한 데이터 탑재, 추출 기능을 제공 Online 전체백업 및 증분백업, 트랜잭션 로그 백업 및 시점 복구 기능 제공 하나의 테이블, 인덱스를 물리적으로 나누어 관리할 수 있는 기능 제공 Range, Hash, List 파티셔닝 및 Composite 파티셔닝 제공 대량 데이터의 손쉬운 유지관리를 위한 파티션 분리 및 추가 기능 제공 성능향상을 위한 파티션 테이블 간 조인 (Join) 지원 JSON, Columnar 등 데이터 타입 지원 Materialized view 지원 자유로운 기능 확장 지원 데이터베이스 노드의 동적(무중단) 추가, 삭제 기능 제공 다중 클러스터 환경에서 가용성 보장을 위한 VIP 관리 및 Load Balancing 기능 제공 클러스터링된 데이터베이스에서 장애발생 시 자동 장애복구(Auto Failover)기능 자체 제공 DBMS 관리 편의성 보장을 위한 GUI 기반 통합관리 제공 CLI 기반의 모니터링 기능 제공 다중 DBMS 영역과 시스템 영역의 통합 성능 모니터링 기본 지원 On-Premise 및 Cloud 환경 통합 관제가 가능한 모니터링 기능 지원 데이터 암호화 (어플리케이션 API, DB API 및 Hybrid 방식) 지원 (단, 보안 강화를 위한 암호화 키 완전 분리 지원) 호스트 기반의 접근관리 기능 및 GUI 기반 관리 기능 제공 데이터베이스 감사 기능 제공 정기 및 예약작업 수행을 위한 스케줄 기능 제공 6. 파서/AI OCR 구분세부 사양비고 파서/AIOCR- 수량 : 5EA 비정형 파일 내 레이아웃 분석 및 텍스트, 표, 이미지 등 데이터를 추출하여 구조화된 데이터로 파싱 기능 제공 데이터 추출시 문서내 맥락(문장 간 관계 고려)한 의미 단위 청킹 등 AI 학습을 위한 데이터 전처리 기능 제공 데이터 추출,파싱,로드 등 AI 플랫폼의 데이터 전처리 를 지원하고, 데이터 파이프라인과 연계 기능 제공 입력포맷: HWP, DOC, PPT, XLS, XLSX, PDF, TIF, JPG, PNG 등 다양한 형식의 포맷 지원 출력포맷: PDF, TXT, HTML 등 다양한 형식의 파일 포맷 지원 HCI내 Linux 컨테이너 또는 VM기반에서 설치 및 구동 멀티쓰레드를 통한 분산 처리 지원하여야 함 비정형 문서(계약서,서류,인보이스)내 핵심 Key-Value 페어 결과 추출 필요 (OCR 관련) 이미지 파일/PDF 전문 인식 기능 제공 지원언어: 한국어, 영어 필수 지원 JSON, CSV, EXCEL 등의 다양한 파일 출력 포맷 및 OCR 결과 기반의 Readable PDF 변환 지원 OCR 변환 처리 결과에 대해 구조화된 JSON 결과 및 Key-Value 결과 OCR 변환 처리 결과에 대해 텍스트 추출 저장 기능 제공 변환 실패 시 오류메시지 통보 또는 파일 저장 타 시스템 연계 등 커스터마이징를 위한 API 지원 한글, 영문, 숫자, 특수문자 + (생활)한자 지원가능 GUI 기반 서식인식도구(폼메이커) 제공을 통한 정형 서식 내 KVP 추출 지원 7. ECM 구분세부 사양비고 ECM- ECR-001~ECR-009 요구사항 참조 수량 : 4EA(운영 이중화, 개발/테스트, DR)"
