label,rank,phrase,total_contribution,requirement_count
통상수용,1,개발,4.1676,91
통상수용,2,관리,3.6909,106
통상수용,3,정의,2.3341,42
통상수용,4,산출물,2.1381,23
통상수용,5,기능,2.0542,43
통상수용,6,제시하여야,1.8447,30
통상수용,7,표준화,1.6694,25
통상수용,8,등록,1.0174,28
통상수용,9,자료의,0.9217,11
통상수용,10,데이터,0.8916,25
통상수용,11,준수하여야,0.7056,24
통상수용,12,기술적용계획표의,0.671,5
통상수용,13,표준,0.6275,30
통상수용,14,방안,0.6001,15
통상수용,15,사용자,0.5867,17
통상수용,16,시스템,0.5833,14
통상수용,17,유지관리,0.5655,15
통상수용,18,프로그램,0.5498,12
통상수용,19,산출물에,0.5073,12
통상수용,20,품질관리,0.4834,20
통상수용,21,품질보증,0.4832,11
통상수용,22,준수,0.4716,28
통상수용,23,현황,0.4574,12
통상수용,24,프로그램을,0.4456,8
통상수용,25,시스템은,0.4448,3
통상수용,26,인터페이스,0.4056,7
통상수용,27,제출자료의,0.4,6
통상수용,28,UI/UX,0.3918,5
통상수용,29,자료,0.3643,22
통상수용,30,"관리,",0.3602,7
통상수용,31,제시하고,0.357,10
통상수용,32,기능을,0.3498,17
통상수용,33,준수하여,0.3474,15
통상수용,34,정의하고,0.3436,14
통상수용,35,제공,0.3427,9
통상수용,36,관리하고,0.3411,11
통상수용,37,대한,0.3408,8
통상수용,38,관리하여야,0.3383,7
통상수용,39,제공하여야,0.3327,11
통상수용,40,간의,0.319,8
통상수용,41,요구사항을,0.315,10
통상수용,42,전자정부,0.3149,8
통상수용,43,호환성,0.314,3
통상수용,44,기술적용계획표,0.3109,3
통상수용,45,오류,0.3074,7
통상수용,46,수립,0.307,9
통상수용,47,일정,0.3033,12
통상수용,48,개발된,0.3029,9
통상수용,49,제출하여야,0.2916,18
통상수용,50,디자인,0.2852,6
통상수용,51,취득한,0.2839,7
통상수용,52,자료를,0.2813,9
통상수용,53,자료는,0.2736,11
통상수용,54,기능에,0.2726,6
통상수용,55,활동,0.2656,7
통상수용,56,개발방법론에,0.2605,5
통상수용,57,접근,0.26,10
통상수용,58,표준관리,0.258,6
통상수용,59,보고서,0.2536,4
통상수용,60,목표시스템,0.2522,5
통상수용,61,프로그램에,0.2496,5
통상수용,62,품질보증을,0.2496,6
통상수용,63,구성하여야,0.2468,5
통상수용,64,산출물을,0.2422,8
통상수용,65,데이터의,0.2401,9
통상수용,66,산출물의,0.2397,7
통상수용,67,로그인,0.2387,7
통상수용,68,유지관리에,0.2285,3
통상수용,69,요구사항에,0.2206,3
통상수용,70,방안을,0.2203,11
통상수용,71,관리자가,0.2193,10
통상수용,72,요구사항,0.2136,9
통상수용,73,웹하드,0.2118,2
통상수용,74,준수하고,0.2111,6
통상수용,75,정의하여야,0.2108,7
통상수용,76,프로그램의,0.2085,3
통상수용,77,외부에,0.2072,8
통상수용,78,품질보증의,0.206,5
통상수용,79,보고,0.2048,10
통상수용,80,제공되기로,0.204,4
통상수용,81,비정기적인,0.2037,5
통상수용,82,위험관리,0.2012,10
통상수용,83,문제점,0.1945,4
통상수용,84,취약점,0.193,6
통상수용,85,관리자,0.1905,12
통상수용,86,무결성,0.1903,3
통상수용,87,개발하여야,0.1892,4
통상수용,88,사업수행계획서,0.1884,7
통상수용,89,기록,0.1867,4
통상수용,90,전자정부법,0.1822,3
통상수용,91,검증하여야,0.1822,6
통상수용,92,프로젝트,0.1779,6
통상수용,93,보안약점,0.1772,2
통상수용,94,사업관리,0.1758,9
통상수용,95,통상적인,0.1756,3
통상수용,96,관리(요구사항,0.1753,5
통상수용,97,조회,0.1749,3
통상수용,98,리스크,0.1749,4
통상수용,99,보안규정에,0.1717,3
통상수용,100,로그인을,0.1707,4
통상수용,101,수행하여야,0.1701,7
통상수용,102,예상되는,0.1696,3
통상수용,103,이력관리,0.1687,9
통상수용,104,품질보증계획,0.1686,4
통상수용,105,개발방법론을,0.1679,4
통상수용,106,추진,0.1676,7
통상수용,107,개발보안,0.1658,8
통상수용,108,기준,0.164,10
통상수용,109,기술적용계획표를,0.1629,2
통상수용,110,추진조직,0.1602,2
통상수용,111,요구사항은,0.1567,2
통상수용,112,일정을,0.1561,5
통상수용,113,정의해야,0.1512,4
통상수용,114,상호,0.1485,2
통상수용,115,표준화에,0.148,2
통상수용,116,"등록,",0.1455,2
통상수용,117,허가된,0.1432,2
통상수용,118,업무협의,0.1425,1
통상수용,119,데이터베이스,0.14,3
통상수용,120,접근성,0.1375,5
통상수용,121,보안요구사항,0.1359,1
통상수용,122,표준제조기준,0.1339,3
통상수용,123,변경관리,0.1327,11
통상수용,124,데이터표준화,0.1326,1
통상수용,125,메시지,0.1318,2
통상수용,126,"유형,",0.1304,3
통상수용,127,신원조사,0.1297,1
통상수용,128,현황을,0.1289,3
통상수용,129,품질보증활동,0.1285,4
통상수용,130,전자정부표준개발프레임워크를,0.1276,1
통상수용,131,안정화,0.1271,4
통상수용,132,확인,0.1257,3
통상수용,133,민원신청,0.1251,7
통상수용,134,확인할,0.1238,2
통상수용,135,입력,0.1236,4
통상수용,136,이용,0.1235,4
통상수용,137,표준을,0.1234,10
통상수용,138,계획,0.1224,12
통상수용,139,자료관리,0.1224,3
통상수용,140,적용하여야,0.122,4
통상수용,141,데이터(연계데이터,0.1212,1
통상수용,142,책임,0.1211,2
통상수용,143,기능은,0.1211,5
통상수용,144,제시하여야함,0.1211,2
통상수용,145,수립하여야,0.1206,6
통상수용,146,하도급,0.1205,3
통상수용,147,포함하여야,0.1204,6
통상수용,148,정합성을,0.1198,2
통상수용,149,기준을,0.1193,6
통상수용,150,정의하여,0.1186,4
통상수용,151,메뉴,0.1168,4
통상수용,152,과정의,0.115,4
통상수용,153,관리방법론에,0.113,2
통상수용,154,신원조사에,0.1124,2
통상수용,155,일정관리,0.1121,7
통상수용,156,품질,0.1121,6
통상수용,157,반드시,0.1113,2
통상수용,158,사업이,0.1113,4
통상수용,159,사업정보(소프트웨어,0.1101,1
통상수용,160,추진일정,0.1085,4
통상수용,161,관리할,0.1076,8
통상수용,162,매뉴얼,0.1068,1
통상수용,163,구체적인,0.106,1
통상수용,164,보안관리,0.1057,5
통상수용,165,기능의,0.1041,5
통상수용,166,체계적으로,0.104,3
통상수용,167,표준관리를,0.1034,3
통상수용,168,추진을,0.1028,3
통상수용,169,취약점이,0.1025,2
통상수용,170,로그,0.1021,5
통상수용,171,추진방안,0.1013,1
통상수용,172,동안,0.1004,2
통상수용,173,디자인에,0.1,2
통상수용,174,품질보증활동을,0.0991,2
통상수용,175,사업을,0.099,5
통상수용,176,사업정보,0.0987,4
통상수용,177,SW사업정보,0.0986,3
통상수용,178,이용하여,0.0978,2
통상수용,179,정합성,0.0966,3
통상수용,180,기능과,0.0958,6
통상수용,181,소스코드,0.0956,2
통상수용,182,정보를,0.0954,4
통상수용,183,활용을,0.0954,4
통상수용,184,표준과,0.0945,4
통상수용,185,관리방안을,0.0942,5
통상수용,186,어플리케이션,0.0936,1
통상수용,187,어플리케이션의,0.0936,1
통상수용,188,DB의,0.0934,1
통상수용,189,사업자,0.0928,3
통상수용,190,이슈관리,0.0924,2
통상수용,191,결과물(프로그램,0.0914,2
통상수용,192,운영을,0.0911,3
통상수용,193,획득한,0.0911,5
통상수용,194,개발에,0.0906,5
통상수용,195,인터페이스를,0.0903,1
통상수용,196,변경이력,0.0891,3
통상수용,197,정상운영을,0.0883,1
통상수용,198,기술적용계획표(서식,0.0882,1
통상수용,199,공사의,0.0874,2
통상수용,200,단계별,0.086,4
통상수용,201,업로드,0.0858,2
통상수용,202,운영,0.0857,7
통상수용,203,준용,0.0833,1
통상수용,204,연계데이터의,0.0828,3
통상수용,205,도출,0.0827,3
통상수용,206,어플리케이션과,0.082,1
통상수용,207,데이터를,0.0819,3
통상수용,208,비공개자료는,0.0815,2
통상수용,209,검색,0.081,4
통상수용,210,감리계획에,0.081,3
통상수용,211,표준화(검토기준,0.0809,1
통상수용,212,보장하여야,0.0808,4
통상수용,213,형상관리,0.0806,5
통상수용,214,사업관련,0.0803,2
통상수용,215,행정안전부의,0.08,1
통상수용,216,메뉴관리,0.0792,2
통상수용,217,사업,0.0786,7
통상수용,218,학습데이터,0.0778,1
통상수용,219,사업기간,0.0775,2
통상수용,220,월간,0.0774,3
통상수용,221,노트북,0.0771,2
통상수용,222,노트북PC는,0.0771,2
통상수용,223,시스템의,0.077,2
통상수용,224,제공하는,0.0766,3
통상수용,225,연계,0.0766,2
통상수용,226,제거하여야,0.0765,3
통상수용,227,시범운영,0.0755,1
통상수용,228,시범운영에,0.0755,1
통상수용,229,품질보증방안,0.0748,1
통상수용,230,기술적용계획표(별첨6)를,0.0747,1
통상수용,231,관리체계,0.0728,4
통상수용,232,일정계획,0.0728,5
통상수용,233,하여야,0.0718,8
통상수용,234,기능/비기능,0.0716,3
통상수용,235,준수하며,0.0712,3
통상수용,236,개발되어야,0.071,3
통상수용,237,접근성을,0.0709,2
통상수용,238,관리를,0.0709,6
통상수용,239,변경이력을,0.0706,1
통상수용,240,정보,0.0704,9
통상수용,241,유사한,0.0704,1
통상수용,242,품질보증계획과,0.0693,3
통상수용,243,활동을,0.069,4
통상수용,244,요구사항이,0.0688,4
통상수용,245,응용프로그램의,0.068,1
통상수용,246,소프트웨어,0.068,1
통상수용,247,입력항목의,0.0678,3
통상수용,248,표준화)를,0.0677,1
통상수용,249,활동에,0.0676,3
통상수용,250,취약점이나,0.0674,1
통상수용,251,실행계획,0.0673,1
통상수용,252,착수보고회,0.0668,4
통상수용,253,일정계획과,0.0663,2
통상수용,254,기술적용계획,0.0657,1
통상수용,255,개발이,0.0655,3
통상수용,256,개발도구,0.0655,3
통상수용,257,공지사항을,0.0654,1
통상수용,258,연계데이터,0.0651,2
통상수용,259,연계데이터를,0.0651,2
통상수용,260,추진현황,0.0647,1
통상수용,261,준수해야,0.0646,6
통상수용,262,득한,0.0646,4
통상수용,263,전자정부지원사업,0.0646,2
통상수용,264,초기,0.0641,3
통상수용,265,득하여야,0.064,2
통상수용,266,메뉴·권한관리,0.064,1
통상수용,267,문제점을,0.0638,1
통상수용,268,하도급하려는,0.0636,1
통상수용,269,관리감독에,0.0634,5
통상수용,270,오류가,0.0632,2
통상수용,271,표준화된,0.0629,3
통상수용,272,역할(표준화,0.0628,1
통상수용,273,표준화와,0.0628,1
통상수용,274,점검,0.0624,4
통상수용,275,개발의,0.0624,5
통상수용,276,품질관리를,0.0624,3
통상수용,277,데이터/문서,0.0622,1
통상수용,278,협력업체(공동수급,0.0621,1
통상수용,279,구성을,0.0619,1
통상수용,280,전자정부서비스,0.0618,2
통상수용,281,여부를,0.0617,2
통상수용,282,웹접근성,0.0615,1
통상수용,283,추진계획,0.0615,1
통상수용,284,프로그램으로,0.0614,1
통상수용,285,프로그램과,0.0614,1
통상수용,286,제한,0.0614,2
통상수용,287,연계기관,0.0614,1
통상수용,288,사용자가,0.0611,4
통상수용,289,대비하기,0.061,2
통상수용,290,주사업자와,0.0607,2
통상수용,291,주사업자의,0.0607,2
통상수용,292,사업정보(SW사업,0.0606,2
통상수용,293,개발표준을,0.0603,2
통상수용,294,작성,0.0599,5
통상수용,295,정보자원관리시스템에,0.0598,1
통상수용,296,품질관리계획을,0.0598,1
통상수용,297,시스템간,0.0594,1
통상수용,298,사업관리자(PM)는,0.0593,2
통상수용,299,단위테스트,0.059,2
통상수용,300,교육자료를,0.0588,1
통상수용,301,준수지침(행정안전부,0.0588,3
통상수용,302,정의된,0.0588,4
통상수용,303,형상관리위원회에서,0.0587,2
통상수용,304,자료실,0.0584,2
통상수용,305,사업자는,0.0584,4
통상수용,306,구현하여야,0.0582,3
통상수용,307,연계프로그램,0.0574,1
통상수용,308,제출자료,0.057,6
통상수용,309,결함을,0.0569,2
통상수용,310,마련하여야,0.0568,2
통상수용,311,인터페이스와,0.0566,1
통상수용,312,품질보증방안을,0.0565,2
통상수용,313,주간,0.0554,3
통상수용,314,관리자인,0.0551,2
통상수용,315,보관,0.0551,1
통상수용,316,개발용,0.055,3
통상수용,317,금지하여야,0.0549,3
통상수용,318,개발한,0.0548,2
통상수용,319,표준화지침을,0.0548,1
통상수용,320,프로그램과의,0.0547,1
통상수용,321,메타데이터표준을,0.0542,1
통상수용,322,지침(행정안전부고시,0.0538,1
통상수용,323,확인하기,0.0535,2
통상수용,324,준수(문서접수,0.0535,1
통상수용,325,문제점은,0.0534,1
통상수용,326,프로젝트/워크스페이스,0.0533,1
통상수용,327,리스크에,0.0533,1
통상수용,328,교육을,0.0532,5
통상수용,329,확정하여야,0.0525,3
통상수용,330,파악,0.0524,2
통상수용,331,응답속도,0.0524,1
통상수용,332,품질활동의,0.0522,2
통상수용,333,의하여,0.0522,2
통상수용,334,일정의,0.0521,1
통상수용,335,전달하여야,0.052,1
통상수용,336,사용하여야,0.052,3
통상수용,337,개발을,0.0516,2
통상수용,338,취약점에,0.0515,2
통상수용,339,요구사항에서,0.0514,3
통상수용,340,정의와,0.0513,2
통상수용,341,민원신청(624종,0.0512,3
통상수용,342,양식에,0.0506,3
통상수용,343,방법론,0.0502,3
통상수용,344,중간보고,0.0502,4
통상수용,345,파기,0.0502,1
통상수용,346,인터넷,0.0502,2
통상수용,347,표준에,0.0501,4
통상수용,348,제거하기,0.0501,3
통상수용,349,준수를,0.05,3
통상수용,350,보안약점을,0.05,1
통상수용,351,노트북은,0.0499,1
통상수용,352,정합성이,0.0498,1
통상수용,353,단위테스트의,0.0498,1
통상수용,354,기록한,0.0496,1
통상수용,355,표준개발방법론을,0.0494,1
통상수용,356,응용프로그램,0.0494,2
통상수용,357,한국정보화진흥원에서,0.0493,1
통상수용,358,개발언어는,0.049,2
통상수용,359,운영하여야,0.0489,1
통상수용,360,성과관리,0.0487,2
통상수용,361,실시하여야,0.0487,4
통상수용,362,제공해야,0.0486,4
통상수용,363,입력기능을,0.0486,1
통상수용,364,없어야,0.0483,1
통상수용,365,기능하도록,0.0479,1
통상수용,366,산출물과,0.0478,3
통상수용,367,사용,0.0478,5
통상수용,368,표준화에서,0.0477,1
통상수용,369,관리자매뉴얼에,0.0476,2
통상수용,370,관리화면,0.0472,1
통상수용,371,웹하드에,0.0471,1
통상수용,372,종료,0.0469,1
통상수용,373,보안취약점,0.0467,2
통상수용,374,검색어를,0.0467,2
통상수용,375,검색된,0.0467,2
통상수용,376,제시하되,0.0462,1
통상수용,377,기능점수,0.0462,2
통상수용,378,공동수급,0.0461,2
통상수용,379,누출금지,0.0458,3
통상수용,380,정의*하고,0.0456,2
통상수용,381,사용자를,0.0455,3
통상수용,382,영역,0.0454,1
통상수용,383,구조,0.0454,2
통상수용,384,중간보고회,0.0452,3
통상수용,385,보고하여야,0.0451,3
통상수용,386,배제하기,0.0451,1
통상수용,387,다하여야,0.045,1
통상수용,388,모니터링을,0.0449,1
통상수용,389,신청,0.0447,2
통상수용,390,진척사항,0.0447,2
통상수용,391,보장하기,0.0443,2
통상수용,392,추적관리,0.044,2
통상수용,393,주간보고,0.044,3
통상수용,394,월간보고,0.044,3
통상수용,395,정의서’를,0.0438,1
통상수용,396,콘텐츠의,0.0437,3
통상수용,397,개발자,0.0437,2
통상수용,398,시스템에,0.0437,3
통상수용,399,기재하여야,0.0437,1
통상수용,400,품질보증계획을,0.0436,1
통상수용,401,사용자별,0.0435,4
통상수용,402,지원하여야,0.0435,2
통상수용,403,요구사항의,0.0431,2
통상수용,404,구축하여야,0.0429,4
통상수용,405,표준화(민원유형별,0.0429,1
통상수용,406,사업관리/개발,0.0427,1
통상수용,407,업로드하여,0.0425,1
통상수용,408,교환,0.0421,1
통상수용,409,정보통신망으로,0.042,1
통상수용,410,시스템별,0.0414,1
통상수용,411,관리해야,0.0413,2
통상수용,412,제거한,0.0412,2
통상수용,413,확보하여야,0.0412,2
통상수용,414,사용하는,0.0411,2
통상수용,415,표준안을,0.041,2
통상수용,416,입력항목에,0.041,2
통상수용,417,마련,0.0409,2
통상수용,418,공공데이터,0.0408,2
통상수용,419,금지,0.0408,2
통상수용,420,통과하여야,0.0404,1
통상수용,421,추진과제,0.0404,1
통상수용,422,게시판,0.0397,3
통상수용,423,반출입하는,0.0396,1
통상수용,424,UI/UX로,0.0396,1
통상수용,425,연계데이터에,0.0395,1
통상수용,426,조직,0.0395,4
통상수용,427,편의기능,0.0395,1
통상수용,428,"수정,",0.0393,2
통상수용,429,개발방법은,0.0392,1
통상수용,430,등록된,0.0391,3
통상수용,431,범정부EA포털에,0.0391,1
통상수용,432,범정부EA포털,0.0391,1
통상수용,433,메타데이터,0.039,2
통상수용,434,제시할,0.039,1
통상수용,435,제거,0.0389,3
통상수용,436,등록·관리할,0.0387,2
통상수용,437,검증하고,0.0386,1
통상수용,438,사용을,0.0382,1
통상수용,439,민원신청에,0.0382,1
통상수용,440,연구개발환경을,0.0382,1
통상수용,441,관리하는,0.038,3
통상수용,442,업데이트,0.038,2
통상수용,443,고려하여야,0.038,2
통상수용,444,자체유지관리,0.038,1
통상수용,445,DB,0.0378,1
통상수용,446,중인,0.0376,1
통상수용,447,데이터는,0.0375,2
통상수용,448,행정안전부의‘소프트웨어,0.0372,1
통상수용,449,행정안전부,0.0372,1
통상수용,450,PC는,0.0369,1
통상수용,451,연계표준이나,0.0368,4
통상수용,452,도움말을,0.0368,1
통상수용,453,도움말,0.0368,1
통상수용,454,전자,0.0367,1
통상수용,455,보안관리자,0.0365,1
통상수용,456,개발보안(시큐어코딩)을,0.0364,1
통상수용,457,재구성하여야,0.0362,1
통상수용,458,단위로,0.036,2
통상수용,459,연계서비스,0.036,1
통상수용,460,통합관리체계(EMS,0.0358,1
통상수용,461,통합테스트의,0.0358,1
통상수용,462,통합테스트,0.0358,1
통상수용,463,방법론을,0.0358,2
통상수용,464,작성하여야,0.0357,2
통상수용,465,상세화,0.0356,2
통상수용,466,사업수행,0.0355,3
통상수용,467,편의성,0.0355,2
통상수용,468,안정적인,0.0354,1
통상수용,469,재검수를,0.0354,1
통상수용,470,착수보고서,0.0354,1
통상수용,471,표준제조기준에,0.0353,1
통상수용,472,여부,0.0353,2
통상수용,473,과업,0.0352,1
통상수용,474,소스코드에,0.0352,1
통상수용,475,함(전자정부프레임워크,0.035,1
통상수용,476,정의한,0.0349,2
통상수용,477,개발단계별,0.0349,1
통상수용,478,삭제,0.0348,1
통상수용,479,세부기능,0.0348,1
통상수용,480,자료작성,0.0347,1
통상수용,481,불가능하여야,0.0347,1
통상수용,482,정의를,0.0346,1
통상수용,483,정의에,0.0346,1
통상수용,484,보수책임기관의,0.0346,1
통상수용,485,콘텐츠는,0.0345,2
통상수용,486,검증,0.0345,2
통상수용,487,용이하게,0.0344,3
통상수용,488,검색(키워드,0.0343,2
통상수용,489,품질마크,0.0343,1
통상수용,490,사용하므로,0.0343,1
통상수용,491,안정화를,0.0342,1
통상수용,492,전자인증정보를,0.0341,1
통상수용,493,정의서,0.0339,1
통상수용,494,이해하기,0.0338,2
통상수용,495,작성/제출하여야,0.0338,1
통상수용,496,운용하여야,0.0338,1
통상수용,497,기능개발,0.0336,1
통상수용,498,일정내에서,0.0335,1
통상수용,499,교육,0.0334,4
통상수용,500,내용을,0.0332,2
통상수용,501,프로젝트를,0.0331,1
통상수용,502,일정계획표,0.0331,1
통상수용,503,사업수행에,0.033,3
통상수용,504,개통하여야,0.0329,1
통상수용,505,초기화,0.0329,2
통상수용,506,관리함,0.0328,1
통상수용,507,"방법,",0.0328,2
통상수용,508,결정하여야,0.0327,2
통상수용,509,입력정보에,0.0326,1
통상수용,510,사업수행계획서에는,0.0326,3
통상수용,511,공공데이터베이스,0.0324,1
통상수용,512,메타데이터의,0.0324,1
통상수용,513,품질저하,0.0324,2
통상수용,514,표준화(민원,0.0324,1
통상수용,515,관리방안,0.0324,2
통상수용,516,표준화(DAR-005)하여,0.0322,1
통상수용,517,관리·감독,0.0319,1
통상수용,518,지침,0.0317,3
통상수용,519,단계,0.0316,3
통상수용,520,제공할,0.0315,1
통상수용,521,자료제출,0.0314,1
통상수용,522,데이터에,0.0314,1
통상수용,523,접근을,0.0313,2
통상수용,524,점검하고,0.031,2
통상수용,525,업무는,0.031,1
통상수용,526,방지하기,0.0309,1
통상수용,527,등록되는,0.0309,2
통상수용,528,수립하여,0.0309,2
통상수용,529,주기적인,0.0308,1
통상수용,530,일관성,0.0307,2
통상수용,531,적용하여야함,0.0307,2
통상수용,532,포함하고,0.0307,1
통상수용,533,간에는,0.0307,1
통상수용,534,자원관리,0.0307,4
통상수용,535,사용자에,0.0306,3
통상수용,536,가능하여야,0.0305,1
통상수용,537,사용가능하여야,0.0305,1
통상수용,538,제안사(공동수급체를,0.0304,1
통상수용,539,공동수급원,0.0304,1
통상수용,540,개발팀에,0.0304,1
통상수용,541,지침서,0.0301,2
통상수용,542,집계기능,0.0301,1
통상수용,543,취약한,0.0297,3
통상수용,544,예방대책,0.0297,3
통상수용,545,지속적인,0.0297,2
통상수용,546,자료실의‘SW사업정보,0.0296,1
통상수용,547,현황분석을,0.0295,1
통상수용,548,추진할,0.0294,1
통상수용,549,조직도,0.0294,3
통상수용,550,아키텍처·데이터,0.0294,1
통상수용,551,일치하지,0.0294,1
통상수용,552,비상복구,0.0294,1
통상수용,553,준수해서,0.0293,1
통상수용,554,개발환경,0.0293,2
통상수용,555,관리자간,0.0293,1
통상수용,556,접근하는,0.0292,1
통상수용,557,점검하여야,0.0292,3
통상수용,558,웹쉘,0.0291,1
통상수용,559,사업관리기관의,0.0289,1
통상수용,560,국방정보기술표준,0.0287,2
통상수용,561,구성하기,0.0287,1
통상수용,562,모니터링,0.0286,1
통상수용,563,등록·신청,0.0286,1
통상수용,564,품질관리자(QAO)에,0.0285,2
통상수용,565,제출,0.0284,2
통상수용,566,사업의,0.0283,1
통상수용,567,품질목표,0.0282,5
통상수용,568,검색하기,0.0282,1
통상수용,569,등록하여,0.0281,2
통상수용,570,체계,0.0281,2
통상수용,571,입력하여,0.0281,2
통상수용,572,변경이,0.028,1
통상수용,573,자료복구,0.0279,1
통상수용,574,협의체(가칭,0.0278,2
통상수용,575,협의하고,0.0278,2
통상수용,576,개발시험평가(DT,0.0278,1
통상수용,577,일정계획을,0.0277,2
통상수용,578,진단,0.0277,2
통상수용,579,관리하기,0.0276,1
통상수용,580,부합하는,0.0275,1
통상수용,581,조직도를,0.0275,2
통상수용,582,표준(단어,0.0275,4
통상수용,583,추진실적,0.0275,2
통상수용,584,하기,0.0274,2
통상수용,585,하지,0.0274,1
통상수용,586,운영에,0.0273,3
통상수용,587,로그인시,0.0273,1
통상수용,588,준수사항,0.0271,2
통상수용,589,추진되도록,0.0271,1
통상수용,590,입력항목,0.0271,1
통상수용,591,데이터혁신기획팀에서,0.027,1
통상수용,592,전주기에,0.0269,1
통상수용,593,진단서,0.0269,1
통상수용,594,독립적인,0.0269,1
통상수용,595,조회화면,0.0268,1
통상수용,596,체계적인,0.0268,1
통상수용,597,도입·운영되어야,0.0267,1
통상수용,598,"설계,",0.0266,1
통상수용,599,전자서식,0.0266,2
통상수용,600,수행계획서,0.0266,2
통상수용,601,별도양식에,0.0265,2
통상수용,602,품질․공정관리,0.0263,1
통상수용,603,개발절차·개발방법,0.0263,1
통상수용,604,권한관리,0.0263,2
통상수용,605,신청정보와,0.0262,2
통상수용,606,준수여부,0.0261,2
통상수용,607,검증하는,0.0259,1
통상수용,608,무엇이든지,0.0258,1
통상수용,609,프로토타이핑을,0.0258,1
통상수용,610,준수실태,0.0257,3
통상수용,611,직관성을,0.0257,1
통상수용,612,정보보호계획,0.0257,1
통상수용,613,동적관리,0.0256,1
통상수용,614,메인화면,0.0256,1
통상수용,615,관련된,0.0256,2
통상수용,616,로그인에,0.0255,1
통상수용,617,로그인하지,0.0255,1
통상수용,618,기준·규칙,0.0255,2
통상수용,619,관리(버전,0.0253,1
통상수용,620,개발방법론,0.0251,2
통상수용,621,책임을,0.0251,1
통상수용,622,적용하여,0.025,2
통상수용,623,관리자를,0.0249,2
통상수용,624,관리의,0.0248,1
통상수용,625,공동수급체를,0.0248,1
통상수용,626,입력값에,0.0248,1
통상수용,627,금지함,0.0247,2
통상수용,628,활용하여야,0.0247,1
통상수용,629,개발함이,0.0247,1
통상수용,630,개발툴,0.0247,1
통상수용,631,화면,0.0246,2
통상수용,632,진행계획,0.0246,3
통상수용,633,포함,0.0246,1
통상수용,634,제한함,0.0246,1
통상수용,635,협조,0.0245,1
통상수용,636,저작권,0.0244,1
통상수용,637,협조하여야,0.0244,2
통상수용,638,개발방안을,0.0241,1
통상수용,639,표준제조기준·규칙,0.024,1
통상수용,640,조회가,0.024,1
통상수용,641,교육자료는,0.0238,1
통상수용,642,IRM(범정부,0.0237,1
통상수용,643,제목·관리자·등록자·공유자를,0.0236,1
통상수용,644,명시하여야,0.0236,1
통상수용,645,대처방안을,0.0234,1
통상수용,646,대응방안을,0.0234,1
통상수용,647,점검방법,0.0234,1
통상수용,648,모의해킹,0.0234,1
통상수용,649,자원,0.0233,1
통상수용,650,등록이,0.0233,2
통상수용,651,누출에,0.0232,1
통상수용,652,전산망(개발망)은,0.0232,1
통상수용,653,개발서버,0.0232,1
통상수용,654,참여하였거나,0.023,1
통상수용,655,결과물이,0.023,1
통상수용,656,자료와,0.0228,2
통상수용,657,품질보증(QA,0.0227,1
통상수용,658,개발하며,0.0227,1
통상수용,659,개발언어에,0.0227,1
통상수용,660,위험에,0.0225,3
통상수용,661,사업과,0.0224,2
통상수용,662,주사업자,0.0224,2
통상수용,663,메타데이터표준”을,0.0224,1
통상수용,664,행정표준용어”을,0.0224,1
통상수용,665,"일정,",0.0224,1
통상수용,666,상위표준,0.0224,3
통상수용,667,주민등록,0.0223,1
통상수용,668,국가정보자원관리원(DB,0.0223,1
통상수용,669,국가정보자원관리원(AI,0.0223,1
통상수용,670,국가정보자원관리원의,0.0223,1
통상수용,671,사업관리방안,0.0223,1
통상수용,672,포함한,0.0222,1
통상수용,673,개발표준,0.0222,1
통상수용,674,메시지를,0.0221,1
통상수용,675,정보관리체계(MOUS)와의,0.0221,1
통상수용,676,모델선정의,0.0221,1
통상수용,677,시스템을,0.022,2
통상수용,678,표준방법론인,0.022,1
통상수용,679,유의하여야,0.0219,1
통상수용,680,50%,0.0218,1
통상수용,681,관리가,0.0218,2
통상수용,682,개발자원,0.0217,1
통상수용,683,품질표준,0.0215,2
통상수용,684,운영관리,0.0215,1
통상수용,685,서비스에,0.0214,1
통상수용,686,관리(크레딧,0.0214,1
통상수용,687,수신하기,0.0213,1
통상수용,688,개발단계별로,0.0213,1
통상수용,689,정보시스템,0.0212,2
통상수용,690,완수하기,0.0212,1
통상수용,691,이행계획,0.0212,1
통상수용,692,이행계획에는,0.0212,1
통상수용,693,이행계획의,0.0212,1
통상수용,694,프로그램들을,0.0211,1
통상수용,695,사업자가,0.021,1
통상수용,696,검토기준,0.0209,2
통상수용,697,관리자로,0.0209,3
통상수용,698,보안대책,0.0209,2
통상수용,699,착수보고,0.0209,3
통상수용,700,완료보고,0.0209,3
통상수용,701,사항의,0.0208,3
통상수용,702,입력항목을,0.0207,1
통상수용,703,최종보고회,0.0206,2
통상수용,704,메타관리시스템,0.0205,1
통상수용,705,검색을,0.0205,1
통상수용,706,검색결과를,0.0205,1
통상수용,707,아닌,0.0204,1
통상수용,708,데이터베이스(DB,0.0204,1
통상수용,709,활동의,0.0203,1
통상수용,710,질의응답,0.0203,1
통상수용,711,질의응답(QnA,0.0203,1
통상수용,712,개발방법론은,0.0202,1
통상수용,713,상주하여야,0.0201,1
통상수용,714,전자기록,0.0199,1
통상수용,715,웹표준,0.0198,1
통상수용,716,민원신청(253종,0.0198,2
통상수용,717,용이해야,0.0197,2
통상수용,718,지능형,0.0197,1
통상수용,719,품질확보를,0.0197,3
통상수용,720,자가검증(신청정보와,0.0197,1
통상수용,721,용어사전,0.0196,1
통상수용,722,유사사업,0.0196,2
통상수용,723,산출물관리방안,0.0195,1
통상수용,724,일부를,0.0195,1
통상수용,725,외부,0.0195,1
통상수용,726,하드코딩,0.0195,1
통상수용,727,준수실태를‘하도급,0.0195,2
통상수용,728,수립해야,0.0195,2
통상수용,729,모듈화되고,0.0193,1
통상수용,730,안정적으로,0.0193,1
통상수용,731,개최하여야,0.0193,1
통상수용,732,제작하여야,0.0193,1
통상수용,733,허가를,0.0193,1
통상수용,734,운영되어야,0.0193,1
통상수용,735,등록/관리하여야,0.0193,1
통상수용,736,문서의,0.0192,1
통상수용,737,결재문서의,0.0192,1
통상수용,738,공정,0.0191,2
통상수용,739,운영조직을,0.0191,1
통상수용,740,정보통신망,0.019,1
통상수용,741,정보통신망법,0.019,1
통상수용,742,세부방안,0.019,1
통상수용,743,누설하거나,0.0189,1
통상수용,744,단위·통합·시스템·인수,0.0188,1
통상수용,745,도출된,0.0187,1
통상수용,746,등록한,0.0187,1
통상수용,747,사업추진시,0.0186,1
통상수용,748,변경이력에,0.0185,2
통상수용,749,메뉴에서,0.0185,1
통상수용,750,품질향상,0.0185,1
통상수용,751,등록하여야,0.0185,2
통상수용,752,메타정보,0.0184,1
통상수용,753,업무시간,0.0183,1
통상수용,754,사업범위,0.0183,1
통상수용,755,형상관리(버전,0.0182,1
통상수용,756,정의한다,0.0182,1
통상수용,757,간에,0.0182,1
통상수용,758,기능개선,0.0181,1
통상수용,759,기준이,0.0181,1
통상수용,760,교육이수,0.018,1
통상수용,761,프로그램(Active-X,0.018,1
통상수용,762,협업관리,0.0179,1
통상수용,763,상호모순을,0.0179,1
통상수용,764,최소화하기,0.0178,1
통상수용,765,취약점을,0.0178,2
통상수용,766,기준·규칙에,0.0177,1
통상수용,767,통합관리,0.0177,1
통상수용,768,개방형,0.0177,1
통상수용,769,데이터(품목정보,0.0177,1
통상수용,770,데이터셋을,0.0177,1
통상수용,771,데이터값,0.0177,1
통상수용,772,데이터셋,0.0177,1
통상수용,773,데이터셋명,0.0177,1
통상수용,774,산업예방활동에,0.0176,1
통상수용,775,접속시에는,0.0176,1
통상수용,776,통합로그인,0.0176,1
통상수용,777,등록데이터,0.0176,1
통상수용,778,일관된,0.0175,1
통상수용,779,공정관리,0.0175,1
통상수용,780,처리하여야함(기존,0.0175,1
통상수용,781,하도급으로,0.0175,1
통상수용,782,제51조(하도급,0.0175,1
통상수용,783,재하도급,0.0175,1
통상수용,784,기준·규칙을,0.0175,1
통상수용,785,추진방향,0.0175,1
통상수용,786,요구정의,0.0174,1
통상수용,787,제한하여야,0.0174,1
통상수용,788,요구되는,0.0174,1
통상수용,789,관리자는,0.0173,2
통상수용,790,반출,0.0173,2
통상수용,791,설계하여야,0.0173,2
통상수용,792,기능이,0.0172,1
통상수용,793,관리적,0.0172,1
통상수용,794,조건,0.0172,1
통상수용,795,결과물을,0.0172,1
통상수용,796,DB에,0.0172,1
통상수용,797,등록하고,0.0172,1
통상수용,798,일정은,0.0172,2
통상수용,799,방법론에,0.0171,1
통상수용,800,목표시스템의,0.0171,3
통상수용,801,형상,0.0171,2
통상수용,802,시큐어코딩,0.0171,1
통상수용,803,기술적용결과표를,0.017,1
통상수용,804,비밀자료의,0.017,1
통상수용,805,준수사항’(별첨1)을,0.017,1
통상수용,806,준수사항’에,0.017,1
통상수용,807,가이드(행정안전부,0.0169,1
통상수용,808,소스코드의,0.0169,1
통상수용,809,추출정보(제출자료)의,0.0168,2
통상수용,810,사업수행계획서는,0.0168,1
통상수용,811,국가DB사업,0.0168,1
통상수용,812,보안프로그램,0.0167,1
통상수용,813,보안프로그램을,0.0167,1
통상수용,814,주/월간,0.0166,1
통상수용,815,추적·관리하고,0.0166,1
통상수용,816,신속하고,0.0166,1
통상수용,817,갱신·관리해야,0.0165,1
통상수용,818,파악하여,0.0165,1
통상수용,819,대응방안,0.0165,1
통상수용,820,서비스하여야,0.0165,1
통상수용,821,일정계획이,0.0164,1
통상수용,822,절차를,0.0162,1
통상수용,823,과업수행계획,0.0162,1
통상수용,824,자료전송시스템을,0.0162,1
통상수용,825,보고는,0.0161,3
통상수용,826,완료하여야,0.0161,2
통상수용,827,이행하여야,0.0161,2
통상수용,828,등록•교체•롤백,0.0161,1
통상수용,829,등록/교체,0.0161,1
통상수용,830,SW사업정보(사업,0.016,1
통상수용,831,기능·성능,0.016,1
통상수용,832,정의함,0.016,1
통상수용,833,오류사항,0.016,1
통상수용,834,위험관리정책,0.016,1
통상수용,835,준수하도록,0.016,1
통상수용,836,실시하여,0.016,1
통상수용,837,민원신청의,0.016,1
통상수용,838,신청화면과,0.016,1
통상수용,839,품질관리담당자와,0.016,3
통상수용,840,시험운영을,0.0159,1
통상수용,841,시범운영을,0.0159,1
통상수용,842,공개/비공개를,0.0158,1
통상수용,843,공정의,0.0157,1
통상수용,844,서식관리(SFR-042)의,0.0157,1
통상수용,845,경력자를,0.0155,1
통상수용,846,부합하는지,0.0155,1
통상수용,847,성과품의,0.0154,1
통상수용,848,제공하며,0.0154,2
통상수용,849,수시보고,0.0154,2
통상수용,850,사용자의,0.0154,2
통상수용,851,개발하고,0.0153,1
통상수용,852,개발과정에서의,0.0153,1
통상수용,853,접근권한,0.0153,1
통상수용,854,사업실행에,0.0152,1
통상수용,855,도출하고,0.0151,1
통상수용,856,현황관리,0.0151,1
통상수용,857,전자결재,0.0151,2
통상수용,858,메인,0.015,1
통상수용,859,프로젝트(법률자문,0.015,1
통상수용,860,관리지침,0.0149,1
통상수용,861,문서등록,0.0149,1
통상수용,862,가능,0.0149,1
통상수용,863,사업이므로,0.0149,1
통상수용,864,기능보완을,0.0149,1
통상수용,865,방법,0.0149,2
통상수용,866,시스템·자료가,0.0149,1
통상수용,867,자료(질문,0.0149,1
통상수용,868,필수자료,0.0149,1
통상수용,869,유지관리를,0.0148,1
통상수용,870,보고명,0.0148,2
통상수용,871,보고내용,0.0148,2
통상수용,872,진도관리(계획,0.0147,2
통상수용,873,정기보고서,0.0147,1
통상수용,874,수시보고서,0.0147,1
통상수용,875,개인정보,0.0147,4
통상수용,876,준용하여,0.0147,1
통상수용,877,실시,0.0147,1
통상수용,878,기능수행,0.0147,2
통상수용,879,개발환경(전기,0.0146,1
통상수용,880,SW의,0.0146,1
통상수용,881,여부에,0.0146,1
통상수용,882,크로스사이트스크립팅,0.0146,1
통상수용,883,전자정부표준프레임워크,0.0146,1
통상수용,884,포맷(데이터,0.0145,1
통상수용,885,처리(데이터,0.0145,1
통상수용,886,사업관리자(PM)에,0.0144,1
통상수용,887,위험,0.0144,2
통상수용,888,방법론은,0.0144,2
통상수용,889,신청대상,0.0143,1
통상수용,890,신청된,0.0143,1
통상수용,891,부하점검,0.0143,1
통상수용,892,타당한,0.0143,1
통상수용,893,정보화사업,0.0143,1
통상수용,894,SW사업정보(SW사업,0.0143,1
통상수용,895,콘텐츠,0.0142,2
통상수용,896,자료에,0.0142,1
통상수용,897,보호계획,0.0142,1
통상수용,898,방법론(v2.0)에,0.0141,1
통상수용,899,단위,0.0141,1
통상수용,900,기술하여야,0.0141,1
통상수용,901,다운로드,0.014,1
통상수용,902,오류발생,0.014,1
통상수용,903,인터넷망으로,0.014,1
통상수용,904,관리방법,0.014,1
통상수용,905,기능으로,0.0139,1
통상수용,906,활동이란,0.0139,1
통상수용,907,개발할,0.0139,1
통상수용,908,검색할,0.0138,1
통상수용,909,검색결과에,0.0138,1
통상수용,910,신청기능,0.0138,1
통상수용,911,사업지분율이,0.0138,1
통상수용,912,사업자″의,0.0138,1
통상수용,913,갱신하여야,0.0138,1
통상수용,914,접근성과,0.0138,1
통상수용,915,준수여부를,0.0138,1
통상수용,916,추진조직은,0.0137,1
통상수용,917,개발하여,0.0136,1
통상수용,918,자문조직의,0.0136,1
통상수용,919,적용함이,0.0135,1
통상수용,920,결정함,0.0135,1
통상수용,921,전자표준,0.0135,1
통상수용,922,품질저하에,0.0135,1
통상수용,923,데이터로,0.0134,1
통상수용,924,용이하여야,0.0134,1
통상수용,925,사용자정보,0.0134,1
통상수용,926,사용자정보는,0.0134,1
통상수용,927,정보자원관리시스템,0.0134,1
통상수용,928,취약점관리,0.0134,1
통상수용,929,사업관리기관이,0.0133,1
통상수용,930,일관되게,0.0132,1
통상수용,931,개발환경에,0.0132,1
통상수용,932,개발언어(Python,0.0132,1
통상수용,933,비밀키,0.0132,1
통상수용,934,사업수행계획서를,0.0132,1
통상수용,935,점검을,0.0132,1
통상수용,936,변경시,0.0132,1
통상수용,937,변경,0.0132,1
통상수용,938,고려하여,0.0131,1
통상수용,939,신청자의,0.0131,1
통상수용,940,민원신청을,0.013,1
통상수용,941,전용회선료는,0.0129,1
통상수용,942,업무분장,0.0129,1
통상수용,943,표준작성,0.0129,1
통상수용,944,표준준수,0.0129,1
통상수용,945,편의,0.0128,1
통상수용,946,지식에,0.0128,1
통상수용,947,정기보고,0.0128,2
통상수용,948,시점을,0.0127,1
통상수용,949,시행령,0.0127,1
통상수용,950,관리자용,0.0126,1
통상수용,951,작성하여,0.0126,1
통상수용,952,수용하여야,0.0126,1
통상수용,953,포함해야,0.0126,2
통상수용,954,SW산출물의,0.0126,2
통상수용,955,SW산출물을,0.0126,2
통상수용,956,SW산출물,0.0126,2
통상수용,957,대응하여야,0.0125,1
통상수용,958,일정별로,0.0125,1
통상수용,959,개방,0.0125,2
통상수용,960,품질을,0.0125,2
통상수용,961,준수하였는지,0.0124,1
통상수용,962,구축·관리를,0.0124,1
통상수용,963,관리시스템,0.0124,1
통상수용,964,기능별,0.0123,1
통상수용,965,연계방안,0.0123,1
통상수용,966,활용방안,0.0123,1
통상수용,967,운영되고,0.0123,1
통상수용,968,사용량,0.0123,1
통상수용,969,임시사용자(용역,0.0123,1
통상수용,970,공통표준용어(행정안전부고시)를,0.0123,1
통상수용,971,양식을,0.0123,1
통상수용,972,양식,0.0123,1
통상수용,973,제공하기로,0.0123,1
통상수용,974,보안취약점의,0.0122,1
통상수용,975,소속이어야,0.0122,1
통상수용,976,선정사유,0.0122,1
통상수용,977,보고를,0.0122,2
통상수용,978,등록·수정·삭제,0.0121,1
통상수용,979,등록할,0.0121,1
통상수용,980,등록을,0.0121,1
통상수용,981,사용자들이,0.0121,1
통상수용,982,버전관리,0.0121,1
통상수용,983,작성하기,0.012,1
통상수용,984,자동작성,0.012,1
통상수용,985,기준(최신성,0.012,1
통상수용,986,접근제어,0.012,1
통상수용,987,사항,0.012,1
통상수용,988,공지사항,0.012,1
통상수용,989,바이러스,0.0119,1
통상수용,990,표준코드,0.0119,2
통상수용,991,표준화하여,0.0118,1
통상수용,992,접근통제를,0.0118,1
통상수용,993,동안의,0.0118,1
통상수용,994,품질결함분석,0.0118,2
통상수용,995,자료공유,0.0118,2
통상수용,996,단계의,0.0118,1
통상수용,997,DB데이터,0.0117,1
통상수용,998,제거해야,0.0117,1
통상수용,999,핵심인력(사업관리자(PM,0.0117,1
통상수용,1000,사업집행자(PL,0.0117,1
통상수용,1001,기준(명확성,0.0117,1
통상수용,1002,검증을,0.0117,1
통상수용,1003,소유함을,0.0116,1
통상수용,1004,관리항목,0.0115,1
통상수용,1005,이전방안,0.0115,1
통상수용,1006,DB표준,0.0115,3
통상수용,1007,공통표준,0.0115,3
통상수용,1008,제출자료)을,0.0115,1
통상수용,1009,사용자·관리자,0.0115,1
통상수용,1010,성과,0.0114,2
통상수용,1011,성과를,0.0114,2
통상수용,1012,성과의,0.0114,2
통상수용,1013,형태로,0.0114,1
통상수용,1014,개발공정,0.0114,1
통상수용,1015,기능연결,0.0113,1
통상수용,1016,프로토타입을,0.0112,1
통상수용,1017,개념·논리·물리,0.0112,1
통상수용,1018,구축·운영,0.0112,1
통상수용,1019,감리수행,0.0112,3
통상수용,1020,감리법인이,0.0112,3
통상수용,1021,감리업체의,0.0112,3
통상수용,1022,감리,0.0112,3
통상수용,1023,품질제고를,0.0112,1
통상수용,1024,추적할,0.0112,1
통상수용,1025,준수하지,0.0112,1
통상수용,1026,정리·보관,0.0112,1
통상수용,1027,투입계획(조직,0.0112,1
통상수용,1028,제공(Q&A,0.0111,1
통상수용,1029,입력한,0.0111,1
통상수용,1030,반영하여야,0.0111,1
통상수용,1031,임의파일,0.0111,1
통상수용,1032,파일,0.0111,1
통상수용,1033,형상과,0.0111,1
통상수용,1034,표준(용어,0.011,1
통상수용,1035,문서관리시스템(ECM)과,0.011,1
통상수용,1036,통합문서관리시스템,0.011,1
통상수용,1037,통합문서관리시스템에서,0.011,1
통상수용,1038,가이드라인,0.011,1
통상수용,1039,사용자에게,0.011,1
통상수용,1040,적용해야,0.0109,1
통상수용,1041,대외,0.0109,1
통상수용,1042,대외비,0.0109,1
통상수용,1043,용이성을,0.0109,1
통상수용,1044,용이성,0.0109,1
통상수용,1045,제공한,0.0108,2
통상수용,1046,공정보고,0.0108,1
통상수용,1047,하자보수를,0.0108,2
통상수용,1048,프로젝트진행함,0.0108,1
통상수용,1049,함(운영,0.0108,1
통상수용,1050,부담하여야,0.0108,1
통상수용,1051,착수보고회를,0.0108,1
통상수용,1052,개발운영,0.0107,1
통상수용,1053,연계개발,0.0107,1
통상수용,1054,소프트웨어사업,0.0107,1
통상수용,1055,사업수행계획서의,0.0107,1
통상수용,1056,일감관리,0.0107,1
통상수용,1057,인쇄본,0.0107,1
통상수용,1058,위험요소를,0.0107,2
통상수용,1059,등록해야,0.0106,1
통상수용,1060,개인정보보호법,0.0105,3
통상수용,1061,관리에,0.0105,1
통상수용,1062,요구사항과의,0.0105,1
통상수용,1063,개선사항,0.0105,1
통상수용,1064,조직의,0.0105,1
통상수용,1065,공사,0.0104,1
통상수용,1066,시스템과의,0.0104,1
통상수용,1067,기능·처리,0.0104,1
통상수용,1068,해외수집자료(해외,0.0104,1
통상수용,1069,자료(메타데이터,0.0104,1
통상수용,1070,반출입시,0.0103,1
통상수용,1071,신청화면에서,0.0103,1
통상수용,1072,신청자가,0.0103,1
통상수용,1073,보수책임기관은,0.0103,1
통상수용,1074,단계부터,0.0103,1
통상수용,1075,개설현황,0.0103,1
통상수용,1076,사용현황,0.0103,1
통상수용,1077,표준프로토콜을,0.0103,1
통상수용,1078,관리시스템과,0.0103,2
통상수용,1079,관리시스템에,0.0103,2
통상수용,1080,프로필,0.0103,1
통상수용,1081,안정화까지,0.0103,1
통상수용,1082,안정화될,0.0103,1
통상수용,1083,진도관리(계획대비,0.0102,1
통상수용,1084,작성·제출,0.0102,1
통상수용,1085,운영직원의,0.0101,1
통상수용,1086,개발전략을,0.0101,1
통상수용,1087,개발단계,0.0101,1
통상수용,1088,개발되어,0.0101,1
통상수용,1089,업무개발을,0.0101,1
통상수용,1090,공정표(WBS,0.01,1
통상수용,1091,동일기능,0.01,1
통상수용,1092,사용자용,0.01,1
통상수용,1093,방법에,0.01,1
통상수용,1094,투입인력은,0.01,1
통상수용,1095,관리자(PM)는,0.01,1
통상수용,1096,관리자의,0.01,1
통상수용,1097,관리자(PM)가,0.01,1
통상수용,1098,수립하고,0.01,1
통상수용,1099,표준이,0.0099,1
통상수용,1100,단계에,0.0099,1
통상수용,1101,책임기간,0.0099,1
통상수용,1102,구조로,0.0099,1
통상수용,1103,접근만,0.0098,1
통상수용,1104,하이누리(전자결재,0.0097,1
통상수용,1105,제반자료는,0.0097,1
통상수용,1106,로그관리,0.0096,1
통상수용,1107,코드관리,0.0096,1
통상수용,1108,단계별로,0.0096,1
통상수용,1109,하드,0.0096,1
통상수용,1110,표준(CSV,0.0096,1
통상수용,1111,데이터베이스관리자를,0.0096,1
통상수용,1112,작성․제출,0.0095,1
통상수용,1113,일정변경에,0.0095,1
통상수용,1114,사업기간내,0.0095,1
통상수용,1115,사업수행계획서(국방정보화업무훈령,0.0095,1
통상수용,1116,일정과,0.0095,1
통상수용,1117,기능(Trivy,0.0094,1
통상수용,1118,정기적으로,0.0094,1
통상수용,1119,UI·UX,0.0093,1
통상수용,1120,등록(현행화,0.0093,1
통상수용,1121,변경·등록,0.0093,1
통상수용,1122,등록정보,0.0093,1
통상수용,1123,알려진,0.0093,1
통상수용,1124,설계,0.0093,1
통상수용,1125,유지관리가,0.0093,1
통상수용,1126,단위테스트를,0.0093,1
통상수용,1127,단위의,0.0093,1
통상수용,1128,대면)보고회의를,0.0092,1
통상수용,1129,보고(필요,0.0092,1
통상수용,1130,측정하여야,0.0092,1
통상수용,1131,오픈하여야,0.0092,1
통상수용,1132,웹사이트,0.0092,1
통상수용,1133,품질(웹사이트,0.0092,1
통상수용,1134,상세,0.0092,1
통상수용,1135,공동근무를,0.0092,1
통상수용,1136,범위,0.0091,2
통상수용,1137,지원계획을,0.0091,1
통상수용,1138,지원계획,0.0091,1
통상수용,1139,시큐어,0.0091,1
통상수용,1140,접근현황에,0.0091,1
통상수용,1141,품질관리자(QAO,0.0091,1
통상수용,1142,공정에,0.0091,1
통상수용,1143,공정추가,0.0091,1
통상수용,1144,작성에,0.0091,1
통상수용,1145,진척율을,0.009,1
통상수용,1146,진척율이,0.009,1
통상수용,1147,상세사항,0.009,1
통상수용,1148,상세히,0.009,1
통상수용,1149,암호화하여,0.009,1
통상수용,1150,보수하여야,0.009,1
통상수용,1151,정보는,0.009,2
통상수용,1152,기능(카카오톡·밴드,0.009,1
통상수용,1153,대처방안,0.0089,1
통상수용,1154,확인하여야,0.0089,1
통상수용,1155,메타데이터관리시스템,0.0089,1
통상수용,1156,PC,0.0089,1
통상수용,1157,PC가,0.0089,1
통상수용,1158,개방하도록,0.0089,1
통상수용,1159,사용하여,0.0089,1
통상수용,1160,하자담보책임기간은,0.0089,1
통상수용,1161,하자담보책임기간에,0.0089,1
통상수용,1162,국방연동관리체계,0.0088,1
통상수용,1163,표준화(표준,0.0088,1
통상수용,1164,실적관리를,0.0088,1
통상수용,1165,보안대책을,0.0088,1
통상수용,1166,서버점검항목에서,0.0088,1
통상수용,1167,제정하여야,0.0088,1
통상수용,1168,준용하여야,0.0088,1
통상수용,1169,계획에,0.0088,1
통상수용,1170,관리서버,0.0087,1
통상수용,1171,항목,0.0087,1
통상수용,1172,사업관리방법론을,0.0087,2
통상수용,1173,관리시스템(PMS,0.0087,2
통상수용,1174,제거여부,0.0086,1
통상수용,1175,비표준,0.0086,1
통상수용,1176,준수율,0.0086,1
통상수용,1177,주간보고회,0.0086,1
통상수용,1178,중간보고회를,0.0086,1
통상수용,1179,검토·승인을,0.0086,1
통상수용,1180,승인을,0.0086,1
통상수용,1181,상세화면,0.0085,1
통상수용,1182,전자우편을,0.0085,1
통상수용,1183,전자우편으로,0.0085,1
통상수용,1184,표준(DB표준)을,0.0085,2
통상수용,1185,공통표준(공공기관의,0.0085,2
통상수용,1186,공통표준용어·단어·도메인)과,0.0085,2
통상수용,1187,기관표준,0.0085,2
통상수용,1188,정보제공,0.0084,1
통상수용,1189,점검할,0.0084,1
통상수용,1190,점검하기,0.0084,1
통상수용,1191,사용자매뉴얼,0.0084,1
통상수용,1192,매뉴얼을,0.0084,1
통상수용,1193,조직이,0.0084,1
통상수용,1194,조직에서,0.0084,1
통상수용,1195,사유를,0.0083,1
통상수용,1196,사유가,0.0083,1
통상수용,1197,제공기관,0.0083,1
통상수용,1198,활용기관,0.0083,1
통상수용,1199,기관,0.0083,1
통상수용,1200,문서자료·데이터의,0.0083,1
통상수용,1201,전략과제,0.0083,1
통상수용,1202,이행과제,0.0083,1
통상수용,1203,과제의,0.0083,1
통상수용,1204,실행과제,0.0083,1
통상수용,1205,과제별,0.0083,1
통상수용,1206,전자서식)를,0.0083,1
통상수용,1207,전자서식(XML,0.0083,1
통상수용,1208,일정에,0.0083,1
통상수용,1209,수행사의,0.0083,1
통상수용,1210,수행사에게,0.0083,1
통상수용,1211,방안(변경이력,0.0083,1
통상수용,1212,관리(변경이력관리,0.0083,1
통상수용,1213,이용약관을,0.0082,1
통상수용,1214,이용의,0.0082,1
통상수용,1215,데이터이용권한,0.0082,1
통상수용,1216,기준(등록,0.0082,1
통상수용,1217,산출,0.0082,1
통상수용,1218,제공되어야,0.0081,1
통상수용,1219,일정/주기를,0.0081,1
통상수용,1220,실시해야,0.0081,1
통상수용,1221,오류를,0.0081,1
통상수용,1222,계획서를,0.0081,1
통상수용,1223,계획서에는,0.0081,1
통상수용,1224,리스크관리,0.0081,1
통상수용,1225,유지를,0.0081,1
통상수용,1226,누출,0.008,1
통상수용,1227,관리방안(메타관리시스템,0.008,1
통상수용,1228,위험이,0.008,1
통상수용,1229,최소화하여야,0.008,1
통상수용,1230,취득하게,0.008,1
통상수용,1231,코딩,0.008,1
통상수용,1232,정보들을,0.0079,1
통상수용,1233,정보기술,0.0079,1
통상수용,1234,플랫폼(개발/운영,0.0079,1
통상수용,1235,품질수준,0.0079,1
통상수용,1236,품질은,0.0079,1
통상수용,1237,업무시스템,0.0079,1
통상수용,1238,사업관리기관과,0.0079,1
통상수용,1239,사업에서,0.0079,1
통상수용,1240,사업에,0.0079,1
통상수용,1241,사업관리자(PM)를,0.0079,1
통상수용,1242,교육자료,0.0078,1
통상수용,1243,활용하여,0.0078,1
통상수용,1244,포함)을,0.0078,1
통상수용,1245,함(행정업무용,0.0078,1
통상수용,1246,보고서’에,0.0077,1
통상수용,1247,수행방법론의,0.0077,1
통상수용,1248,수행방법론을,0.0077,1
통상수용,1249,기준·규칙의,0.0077,1
통상수용,1250,표준아키텍쳐,0.0077,1
통상수용,1251,사업관리기관,0.0077,1
통상수용,1252,위한,0.0077,1
통상수용,1253,이해도,0.0076,1
통상수용,1254,공정현황(지연,0.0076,1
통상수용,1255,신청되었는지,0.0076,1
통상수용,1256,접근할,0.0076,1
통상수용,1257,접근과,0.0076,1
통상수용,1258,표준데이터,0.0076,1
통상수용,1259,미준수,0.0076,1
통상수용,1260,DB표준(단어,0.0075,1
통상수용,1261,기준은,0.0075,1
통상수용,1262,제공하는지,0.0075,1
통상수용,1263,누설하여서는,0.0075,1
통상수용,1264,누설로,0.0075,1
통상수용,1265,요구,0.0075,1
통상수용,1266,제출자료를,0.0074,1
통상수용,1267,해야,0.0074,1
통상수용,1268,요건정의,0.0074,1
통상수용,1269,아키텍처정의서,0.0074,1
통상수용,1270,주제영역정의서,0.0074,1
통상수용,1271,엔터티정의서,0.0074,1
통상수용,1272,종합계획‧대책,0.0073,1
통상수용,1273,투자계획,0.0073,1
통상수용,1274,이행계획을,0.0073,1
통상수용,1275,이력관리가,0.0073,1
통상수용,1276,형상관리가,0.0073,1
통상수용,1277,발급현황,0.0073,1
통상수용,1278,발급현황에,0.0073,1
통상수용,1279,전문업체를,0.0072,1
통상수용,1280,관리되어야,0.0072,1
통상수용,1281,메뉴의,0.0071,1
통상수용,1282,메뉴를,0.0071,1
통상수용,1283,사용자매뉴얼과,0.007,1
통상수용,1284,운영자매뉴얼에,0.007,1
통상수용,1285,인증정보,0.007,1
통상수용,1286,진단도구를,0.007,1
통상수용,1287,진단·개선,0.007,1
통상수용,1288,단위시험의,0.007,1
통상수용,1289,이행관리표를,0.007,1
통상수용,1290,이행관리표에는,0.007,1
통상수용,1291,반출시,0.0069,1
통상수용,1292,데이터베이스설계서,0.0069,1
통상수용,1293,내부에,0.0069,1
통상수용,1294,품질진단,0.0069,1
통상수용,1295,개인정보보호,0.0069,2
통상수용,1296,장소·장비·자료,0.0068,1
통상수용,1297,정보보호관리자가,0.0068,1
통상수용,1298,신고·관리,0.0068,1
통상수용,1299,제33조(개인정보,0.0067,1
통상수용,1300,구성현황,0.0066,1
통상수용,1301,도입현황,0.0066,1
통상수용,1302,품질계획서를,0.0066,1
통상수용,1303,가이드,0.0066,1
통상수용,1304,관리부서를,0.0066,1
통상수용,1305,관리자에게,0.0066,1
통상수용,1306,자동비교(신청인,0.0065,1
통상수용,1307,범위에,0.0065,1
통상수용,1308,데이터셋(제출자료,0.0065,1
통상수용,1309,제출자료(안유,0.0065,1
통상수용,1310,규정게시판,0.0064,1
통상수용,1311,규정게시판은,0.0064,1
통상수용,1312,게시판과,0.0064,1
통상수용,1313,게시판으로,0.0064,1
통상수용,1314,비공개,0.0064,1
통상수용,1315,금지하며,0.0063,1
통상수용,1316,준수실태를,0.0063,1
통상수용,1317,문서화해야,0.0063,1
통상수용,1318,제시해야,0.0063,1
통상수용,1319,임시사용자가,0.0063,1
통상수용,1320,정기보고(주/월간,0.0062,1
통상수용,1321,비정기보고(착수,0.0062,1
통상수용,1322,보고(이슈/위험,0.0062,1
통상수용,1323,개발경험이,0.0062,1
통상수용,1324,비정기보고,0.0061,1
통상수용,1325,위험요인이,0.0061,1
통상수용,1326,외부망에서,0.0061,1
통상수용,1327,형상을,0.0061,1
통상수용,1328,형상식별서와,0.0061,1
통상수용,1329,계획을,0.006,1
통상수용,1330,계획은,0.006,1
통상수용,1331,목표시스템(DB)의,0.0059,1
통상수용,1332,시스템명,0.0059,1
통상수용,1333,제한사항,0.0059,1
통상수용,1334,변경사항,0.0059,1
통상수용,1335,고려사항,0.0059,1
통상수용,1336,관리방법론은,0.0059,1
통상수용,1337,시스템과,0.0059,1
통상수용,1338,표준원칙,0.0058,1
통상수용,1339,업무서버,0.0058,1
통상수용,1340,서식,0.0058,1
통상수용,1341,서식의,0.0058,1
통상수용,1342,진행하여야,0.0057,1
통상수용,1343,담당게시판,0.0056,1
통상수용,1344,게시판의,0.0056,1
통상수용,1345,게시판별,0.0056,1
통상수용,1346,게시판/공지글,0.0056,1
통상수용,1347,저장·관리,0.0056,1
통상수용,1348,보안,0.0055,1
통상수용,1349,보안에,0.0055,1
통상수용,1350,국방보안정책을,0.0055,1
통상수용,1351,일정표,0.0055,1
통상수용,1352,보고체계,0.0055,1
통상수용,1353,사업자의,0.0055,1
통상수용,1354,사업추진,0.0055,1
통상수용,1355,표준프레임워크와,0.0055,1
통상수용,1356,국방표준,0.0055,1
통상수용,1357,국방표준데이터,0.0055,1
통상수용,1358,교육계획서를,0.0054,1
통상수용,1359,교육계획서에는,0.0054,1
통상수용,1360,교육훈련에,0.0054,1
통상수용,1361,교육대상,0.0054,1
통상수용,1362,교육・훈련,0.0054,1
통상수용,1363,공통표준용어를,0.0054,1
통상수용,1364,자료보안,0.0054,1
통상수용,1365,목표시스템으로,0.0054,1
통상수용,1366,비전자기록물의,0.0053,1
통상수용,1367,전자문서와,0.0053,1
통상수용,1368,전자문서함,0.0053,1
통상수용,1369,조치하여야,0.0053,1
통상수용,1370,참조하여야,0.0053,1
통상수용,1371,개시하여야,0.0053,1
통상수용,1372,도구(분석·설계·개발·테스트,0.0053,1
통상수용,1373,점검사항,0.0053,1
통상수용,1374,점검항목,0.0053,1
통상수용,1375,점검분야,0.0053,1
통상수용,1376,성과에,0.0052,1
통상수용,1377,공사에,0.0052,1
통상수용,1378,공사에서는,0.0052,1
통상수용,1379,교육계획,0.0052,1
통상수용,1380,교육은,0.0052,1
통상수용,1381,기본교육부터,0.0052,1
통상수용,1382,교육까지,0.0052,1
통상수용,1383,교육내용,0.0052,1
통상수용,1384,교육지원과,0.0052,1
통상수용,1385,내용(오류,0.0052,1
통상수용,1386,오류수,0.0052,1
통상수용,1387,프로젝트별,0.0051,1
통상수용,1388,프로젝트ToDo,0.0051,1
통상수용,1389,프로젝트ToDo는,0.0051,1
통상수용,1390,프로세스화할,0.0051,1
통상수용,1391,관리계획,0.0051,1
통상수용,1392,제출계획,0.0051,1
통상수용,1393,업무관리,0.005,1
통상수용,1394,적절성을,0.005,1
통상수용,1395,가능성을,0.005,1
통상수용,1396,특성을,0.005,1
통상수용,1397,방법을,0.0049,1
통상수용,1398,방법론에서,0.0049,1
통상수용,1399,운영자의,0.0049,1
통상수용,1400,요구사항정의서,0.0048,1
통상수용,1401,실적정보,0.0048,1
통상수용,1402,관리계획을,0.0048,1
통상수용,1403,관리[프로젝트,0.0048,1
통상수용,1404,일정지연,0.0047,1
통상수용,1405,제안하여야,0.0047,1
통상수용,1406,저장/관리하여야,0.0047,1
통상수용,1407,보관하여야,0.0047,1
통상수용,1408,설치/사용하여야,0.0047,1
통상수용,1409,소속부서의,0.0046,1
통상수용,1410,이슈·위험에,0.0046,1
통상수용,1411,포함하며,0.0045,1
통상수용,1412,정함,0.0045,1
통상수용,1413,포함함,0.0045,1
통상수용,1414,통하여,0.0044,1
통상수용,1415,관리체계에는,0.0044,1
통상수용,1416,관리기준을,0.0044,1
통상수용,1417,관리시스템이,0.0044,1
통상수용,1418,제2호,0.0043,1
통상수용,1419,제26조,0.0043,1
통상수용,1420,제27조,0.0043,1
통상수용,1421,제28조에,0.0043,1
통상수용,1422,차주계획,0.0043,1
통상수용,1423,지침」을,0.0043,1
통상수용,1424,지침을,0.0043,1
통상수용,1425,관련지침(행정안전부고시)의,0.0043,1
통상수용,1426,지침도,0.0043,1
통상수용,1427,목록서,0.0042,1
통상수용,1428,목록서는,0.0042,1
통상수용,1429,목록서(대외,0.0042,1
통상수용,1430,개인정보영향평가,0.0042,1
통상수용,1431,개인정보처리방침을,0.0042,1
통상수용,1432,개인정보보호법을,0.0042,1
통상수용,1433,미준수로,0.0042,1
통상수용,1434,관리기능에서,0.0041,1
통상수용,1435,관리되지,0.0041,1
통상수용,1436,관리되는,0.0041,1
통상수용,1437,대상정보,0.0041,2
통상수용,1438,산출물은,0.004,1
통상수용,1439,품목정보,0.004,1
통상수용,1440,업체정보,0.004,1
통상수용,1441,정보)에,0.004,1
통상수용,1442,범위관리,0.0039,1
통상수용,1443,프로젝트관리,0.0039,1
통상수용,1444,위험관리계획,0.0039,1
통상수용,1445,관리(당행,0.0039,1
통상수용,1446,관리도구는,0.0039,1
통상수용,1447,변경으로,0.0038,1
통상수용,1448,과업변경에,0.0038,1
통상수용,1449,개방데이터,0.0036,1
통상수용,1450,개방데이터의,0.0036,1
통상수용,1451,개방될,0.0036,1
통상수용,1452,자동검증(제출자료,0.0036,1
통상수용,1453,중요자료,0.0036,1
통상수용,1454,감리기준(행정안전부,0.0035,1
통상수용,1455,감리결과,0.0035,1
통상수용,1456,감리의,0.0035,1
통상수용,1457,관리(관리도구,0.0034,1
통상수용,1458,자료구조,0.0034,1
통상수용,1459,자료타입,0.0034,1
통상수용,1460,연동자료구조,0.0034,1
통상수용,1461,자료구조ID,0.0034,1
통상수용,1462,자료구조명,0.0034,1
통상수용,1463,자료타입(DB,0.0034,1
통상수용,1464,연동자료,0.0034,1
통상수용,1465,제14조의2(산출물의,0.0034,1
통상수용,1466,기본정보(소속기관,0.0034,1
통상수용,1467,정보조회,0.0034,1
통상수용,1468,정보공개,0.0034,1
통상수용,1469,제공받고,0.0034,1
통상수용,1470,제공·대여·열람,0.0034,1
통상수용,1471,보고회(워크숍,0.0032,1
통상수용,1472,중간보고서,0.0032,1
통상수용,1473,최종보고서,0.0032,1
통상수용,1474,주간/월간보고,0.0032,1
통상수용,1475,감리)에,0.0031,1
통상수용,1476,감리를,0.0031,1
통상수용,1477,기관표준을,0.003,1
통상수용,1478,DB표준과,0.003,1
통상수용,1479,사용자지침서,0.003,1
통상수용,1480,운영자지침서를,0.003,1
통상수용,1481,지침서는,0.003,1
통상수용,1482,운영자지침서,0.003,1
통상수용,1483,운영자지침서는,0.003,1
통상수용,1484,의약품통합정보시스템의,0.0029,1
통상수용,1485,대장정보를,0.0029,1
통상수용,1486,제공정보를,0.0029,1
통상수용,1487,품질점검항목,0.0027,1
통상수용,1488,고품질을,0.0027,1
통상수용,1489,DB표준(용어,0.0027,1
통상수용,1490,표준코드가,0.0027,1
통상수용,1491,완료보고회,0.0027,1
통상수용,1492,보고회를,0.0027,1
통상수용,1493,완료보고회를,0.0027,1
통상수용,1494,보고회의,0.0027,1
통상수용,1495,개인정보보호지침을,0.0027,1
통상수용,1496,개인정보의,0.0027,1
통상수용,1497,개인정보(패스워드,0.0027,1
통상수용,1498,개인정보보호를,0.0027,1
통상수용,1499,하자담보범위는,0.0026,1
통상수용,1500,범위와,0.0026,1
통상수용,1501,사용률은,0.0025,1
통상수용,1502,사용률과,0.0025,1
통상수용,1503,사용률을,0.0025,1
통상수용,1504,자료유출방지,0.0021,1
통상수용,1505,관련자료,0.0021,1
통상수용,1506,자료전송이,0.0021,1
통상수용,1507,붙임자료를,0.0021,1
통상수용,1508,정보와,0.0012,1
통상수용,1509,정보보안,0.0012,1
통상수용,1510,정보에,0.0012,1
통상수용,1511,대상정보를,0.0012,1
통상수용,1512,정보보호시스템,0.0012,1
통상수용,1513,정보보호제품,0.0012,1
통상수용,1514,정보공개에,0.0012,1
통상수용,1515,대상정보로,0.0012,1
견적반영,1,AI,6.3709,57
견적반영,2,데이터,4.8429,88
견적반영,3,자동,3.3599,53
견적반영,4,처리,1.978,36
견적반영,5,자원,1.8336,25
견적반영,6,데이터를,1.5852,31
견적반영,7,있는,1.4347,20
견적반영,8,기반,1.2933,23
견적반영,9,모니터링,1.1572,15
견적반영,10,기능,1.1572,29
견적반영,11,수집,1.1442,31
견적반영,12,서비스,1.0729,9
견적반영,13,GPU,1.0498,14
견적반영,14,데이터의,0.9551,26
견적반영,15,모델,0.9172,45
견적반영,16,데이터는,0.8153,23
견적반영,17,문서,0.7957,28
견적반영,18,구현,0.6735,8
견적반영,19,학습,0.6201,15
견적반영,20,데이터셋,0.6137,14
견적반영,21,구성,0.5741,18
견적반영,22,자원을,0.5135,13
견적반영,23,업무,0.4712,15
견적반영,24,자동화,0.4661,12
견적반영,25,학습을,0.442,11
견적반영,26,RAG,0.4081,6
견적반영,27,자동으로,0.4014,19
견적반영,28,메타데이터,0.3945,15
견적반영,29,기능을,0.378,13
견적반영,30,검색,0.3673,16
견적반영,31,AI모델,0.3651,7
견적반영,32,학습데이터셋,0.3607,9
견적반영,33,품질,0.347,8
견적반영,34,구성을,0.345,9
견적반영,35,실시간,0.3415,7
견적반영,36,배포,0.3356,11
견적반영,37,모델을,0.3306,14
견적반영,38,프롬프트,0.321,2
견적반영,39,운영,0.3078,3
견적반영,40,제공,0.297,11
견적반영,41,관리되어야,0.2906,4
견적반영,42,학습데이터,0.2702,9
견적반영,43,포함,0.2597,6
견적반영,44,SW사업정보,0.259,2
견적반영,45,지원,0.2557,9
견적반영,46,전처리,0.2467,11
견적반영,47,모델의,0.2444,15
견적반영,48,성능,0.2431,5
견적반영,49,데이터가,0.2406,6
견적반영,50,수집을,0.2311,6
견적반영,51,DB,0.2243,5
견적반영,52,수집된,0.2222,8
견적반영,53,개방데이터를,0.2163,1
견적반영,54,추출,0.2152,7
견적반영,55,통합,0.2099,2
견적반영,56,대시보드,0.2074,1
견적반영,57,인프라,0.2034,2
견적반영,58,데이터에,0.203,10
견적반영,59,사용률을,0.1995,1
견적반영,60,전문인력을,0.1962,3
견적반영,61,관리,0.1943,15
견적반영,62,지식,0.1925,7
견적반영,63,전문가,0.1886,7
견적반영,64,GPU/CPU,0.1871,2
견적반영,65,자원의,0.1869,5
견적반영,66,장애,0.1658,3
견적반영,67,생성,0.1649,6
견적반영,68,서버,0.1636,3
견적반영,69,Ai,0.1589,1
견적반영,70,수집할,0.1549,5
견적반영,71,통한,0.1494,1
견적반영,72,학습이,0.141,2
견적반영,73,CPU,0.1394,8
견적반영,74,대화,0.136,3
견적반영,75,메타데이터를,0.1323,8
견적반영,76,마련,0.1303,2
견적반영,77,규칙에,0.129,1
견적반영,78,문서의,0.1279,10
견적반영,79,데이터레이크,0.1275,4
견적반영,80,가능성(XAI,0.127,1
견적반영,81,메신저,0.126,2
견적반영,82,도구,0.1242,5
견적반영,83,체계,0.1151,1
견적반영,84,질의,0.1151,5
견적반영,85,지식베이스를,0.1145,2
견적반영,86,파일을,0.1143,4
견적반영,87,학습모델,0.1108,2
견적반영,88,모니터링하고,0.1093,2
견적반영,89,모델(sLLM,0.1078,8
견적반영,90,인프라용,0.1064,1
견적반영,91,스토리지,0.1064,1
견적반영,92,Server,0.1055,2
견적반영,93,인공지능,0.104,1
견적반영,94,다양한,0.1002,2
견적반영,95,문서를,0.0995,8
견적반영,96,작업(모니터링,0.0981,1
견적반영,97,정보(자동발급/수동처리)를,0.0978,1
견적반영,98,특정,0.0968,2
견적반영,99,ServerFilter(지란지교,0.0961,1
견적반영,100,AI를,0.096,2
견적반영,101,수집하는,0.0949,5
견적반영,102,C-Brain,0.0944,1
견적반영,103,CPU/GPU,0.0932,2
견적반영,104,단계,0.093,4
견적반영,105,첨부파일을,0.0898,3
견적반영,106,분석,0.0894,5
견적반영,107,처리하는,0.0886,3
견적반영,108,저장,0.0878,5
견적반영,109,상태,0.0875,2
견적반영,110,워크플로,0.0874,1
견적반영,111,워크플로(초안→검토→승인→배포,0.0874,1
견적반영,112,성능에,0.0863,1
견적반영,113,정의,0.0861,1
견적반영,114,자동화를,0.0859,1
견적반영,115,학습에,0.0853,2
견적반영,116,데이터와,0.0851,3
견적반영,117,모니터링하는,0.084,1
견적반영,118,재처리,0.0838,3
견적반영,119,문서에,0.0835,7
견적반영,120,"정보,",0.0834,2
견적반영,121,있도록,0.0808,1
견적반영,122,엔지니어링,0.0792,1
견적반영,123,전처리·후처리,0.0774,1
견적반영,124,문서별,0.0771,5
견적반영,125,모델별,0.0764,6
견적반영,126,있어야,0.076,2
견적반영,127,처리할,0.0758,4
견적반영,128,빌드·테스트·배포를,0.0755,1
견적반영,129,이력(배포,0.0755,1
견적반영,130,데이터만,0.0755,4
견적반영,131,비식별화,0.0736,2
견적반영,132,사업정보,0.0724,1
견적반영,133,클러스터,0.0722,1
견적반영,134,클러스터의,0.0722,1
견적반영,135,구조,0.0722,5
견적반영,136,처리가,0.0716,4
견적반영,137,이행,0.0715,3
견적반영,138,구축,0.0714,2
견적반영,139,설정,0.0712,7
견적반영,140,AI가,0.0708,4
견적반영,141,방안,0.0704,4
견적반영,142,학습·평가데이터,0.0694,1
견적반영,143,네트워크,0.069,2
견적반영,144,서버개인정보,0.0683,1
견적반영,145,서버관리,0.0683,1
견적반영,146,파인튜닝,0.0682,1
견적반영,147,파인튜닝(Fine-tuning,0.0682,1
견적반영,148,모델은,0.0675,4
견적반영,149,데이터셋에,0.067,3
견적반영,150,전문,0.0658,4
견적반영,151,신청,0.0645,2
견적반영,152,배포된,0.0634,4
견적반영,153,단계별,0.0631,5
견적반영,154,처리를,0.0622,3
견적반영,155,목록,0.062,1
견적반영,156,저장소,0.0619,3
견적반영,157,수집하고,0.0613,4
견적반영,158,자원은,0.0611,2
견적반영,159,데이터로,0.0609,3
견적반영,160,성능진단을,0.0607,1
견적반영,161,기반으로,0.0604,3
견적반영,162,학습데이터셋(전문가,0.0601,1
견적반영,163,자동발급,0.0594,1
견적반영,164,자동발급을,0.0594,1
견적반영,165,자원(GPU,0.0592,1
견적반영,166,모델(120B,0.0589,5
견적반영,167,자동생성,0.0583,3
견적반영,168,정상데이터를,0.0573,1
견적반영,169,자동완성,0.0571,1
견적반영,170,지식베이스,0.0571,2
견적반영,171,비정형,0.0566,2
견적반영,172,범위(대화,0.0556,1
견적반영,173,워크스페이스,0.0554,4
견적반영,174,관리(데이터셋,0.0553,1
견적반영,175,시스템에서,0.0552,1
견적반영,176,업무를,0.055,2
견적반영,177,비식별화(AI,0.0547,1
견적반영,178,전문인력,0.0539,3
견적반영,179,서비스에서,0.0538,1
견적반영,180,모델에,0.0536,7
견적반영,181,질의응답,0.0525,1
견적반영,182,데이터(약,0.0525,1
견적반영,183,문서데이터를,0.0521,1
견적반영,184,자동작성,0.0513,2
견적반영,185,모델과,0.0505,5
견적반영,186,문서로,0.0499,4
견적반영,187,구조(데이터,0.0496,1
견적반영,188,메타데이터로,0.0496,3
견적반영,189,개발환경,0.0495,1
견적반영,190,자동발송,0.0494,1
견적반영,191,선택·생성,0.0487,1
견적반영,192,컨테이너,0.0485,1
견적반영,193,컨테이너에,0.0485,1
견적반영,194,컨테이너의,0.0485,1
견적반영,195,컨테이너별,0.0485,1
견적반영,196,구조를,0.0484,4
견적반영,197,전문인력의,0.0482,3
견적반영,198,버전,0.0478,4
견적반영,199,구성해야,0.0477,3
견적반영,200,도구별,0.0477,2
견적반영,201,지식베이스에,0.0471,2
견적반영,202,이력을,0.047,2
견적반영,203,기능(비식별,0.0469,1
견적반영,204,실행,0.0462,3
견적반영,205,알림서비스,0.0461,1
견적반영,206,관리를,0.045,5
견적반영,207,작성(SFR-034)으로,0.045,1
견적반영,208,성능평가를,0.0444,1
견적반영,209,구성(상시,0.0444,2
견적반영,210,사용률과,0.0439,1
견적반영,211,사용률은,0.0439,1
견적반영,212,업데이트,0.0438,4
견적반영,213,학습데이터셋(의약품,0.0433,1
견적반영,214,학습데이터셋(지침서/안내서)을,0.0431,1
견적반영,215,데이터플랫폼,0.0429,2
견적반영,216,종류·위치·층수·회의실,0.0428,1
견적반영,217,결과(민원-답변)를,0.0425,1
견적반영,218,지원별,0.0419,1
견적반영,219,수행,0.0419,1
견적반영,220,학습·파인튜닝,0.0415,1
견적반영,221,지원해야,0.0412,2
견적반영,222,데이터베이스,0.0408,2
견적반영,223,구축에,0.0408,1
견적반영,224,구축한,0.0408,1
견적반영,225,사전학습,0.0408,1
견적반영,226,사전학습(Continual,0.0408,1
견적반영,227,효율적으로,0.0405,1
견적반영,228,효율적인,0.0405,1
견적반영,229,데이터(침해사고,0.0403,1
견적반영,230,생성형,0.0398,2
견적반영,231,수집·등록·활용,0.0395,1
견적반영,232,제공(AI,0.0395,2
견적반영,233,수집주기,0.0394,1
견적반영,234,제공하는,0.0394,1
견적반영,235,전처리·정규화,0.0393,1
견적반영,236,도입,0.0392,1
견적반영,237,모니터,0.039,1
견적반영,238,모니터(대각선,0.039,1
견적반영,239,모니터&마우스&키보드,0.039,1
견적반영,240,지원할,0.0389,2
견적반영,241,실시간DB,0.0388,1
견적반영,242,cpu/메모리/GPU/PVC,0.0387,1
견적반영,243,GPU·CPU·메모리·네트워크,0.0387,1
견적반영,244,GPU로,0.0387,1
견적반영,245,자원별,0.0386,1
견적반영,246,모니터링에,0.0385,1
견적반영,247,모니터링하여,0.0385,1
견적반영,248,처리에,0.0385,1
견적반영,249,추출할,0.0384,2
견적반영,250,구성은,0.0384,2
견적반영,251,추출하여,0.0377,3
견적반영,252,메타데이터(시행일,0.0375,1
견적반영,253,등)를,0.0374,3
견적반영,254,이행되었는지,0.0374,2
견적반영,255,수집)을,0.0367,1
견적반영,256,수집/생성,0.0367,1
견적반영,257,문서화,0.0366,3
견적반영,258,탐지,0.0362,1
견적반영,259,지원하여야,0.0362,1
견적반영,260,추가,0.0353,1
견적반영,261,기능점수,0.0353,1
견적반영,262,자동화비율,0.0352,1
견적반영,263,DB의,0.0349,1
견적반영,264,추출·저장을,0.0348,1
견적반영,265,추출정보(제출자료)의,0.0348,1
견적반영,266,데이터셋(DAR-006)의,0.0347,1
견적반영,267,처리결과,0.0347,1
견적반영,268,처리결과에,0.0347,1
견적반영,269,대화창,0.0341,1
견적반영,270,대화를,0.0341,1
견적반영,271,이행의,0.0341,1
견적반영,272,이행되었는지를,0.0341,1
견적반영,273,표시,0.034,2
견적반영,274,목표성능,0.0339,1
견적반영,275,DB에,0.0335,1
견적반영,276,추출하고,0.0335,1
견적반영,277,단계에,0.0332,1
견적반영,278,자동분류,0.0332,1
견적반영,279,자동응답,0.0332,1
견적반영,280,자동비교(일치여부,0.0331,1
견적반영,281,자동비교,0.0331,1
견적반영,282,승인(데이터,0.0329,1
견적반영,283,서비스카탈로그,0.0327,1
견적반영,284,처리(API는,0.0326,1
견적반영,285,제네릭-대조약,0.0325,1
견적반영,286,민원,0.0322,2
견적반영,287,정비,0.0319,1
견적반영,288,수집･학습된,0.0317,1
견적반영,289,자동화·위험,0.0316,1
견적반영,290,변환,0.0315,1
견적반영,291,자동계산,0.0312,1
견적반영,292,자동감지,0.0312,1
견적반영,293,상태(활성·대기·오류·처리,0.0312,1
견적반영,294,상태·처리,0.0312,1
견적반영,295,지식베이스로,0.031,2
견적반영,296,적용,0.031,2
견적반영,297,문서분석,0.0309,2
견적반영,298,수집의,0.0308,2
견적반영,299,정형,0.0307,1
견적반영,300,수집대상,0.0306,2
견적반영,301,분석에,0.0306,1
견적반영,302,프로파일(GPU,0.0304,1
견적반영,303,지원AI,0.0302,1
견적반영,304,탐색,0.0302,1
견적반영,305,가능,0.0301,1
견적반영,306,모델로,0.0298,3
견적반영,307,수집·관리,0.0295,1
견적반영,308,자동생성하는,0.0294,1
견적반영,309,정형데이터,0.0294,2
견적반영,310,수행할,0.0291,1
견적반영,311,데이터셋은,0.0291,1
견적반영,312,확장,0.029,1
견적반영,313,관리자가,0.029,6
견적반영,314,품질이,0.029,1
견적반영,315,데이터(고유식별정보,0.0288,1
견적반영,316,데이터(개인정보,0.0287,3
견적반영,317,주요자원,0.0285,1
견적반영,318,자원사용량을,0.0285,1
견적반영,319,단계에서,0.0284,2
견적반영,320,수집한,0.0283,2
견적반영,321,도구(라벨링도구,0.0282,2
견적반영,322,AI학습데이터셋,0.0281,1
견적반영,323,학습데이터셋의,0.0281,1
견적반영,324,CPU·메모리·실행,0.0278,1
견적반영,325,구조(스키마·모델,0.0278,1
견적반영,326,원천,0.0277,1
견적반영,327,기능의,0.0272,1
견적반영,328,기능/서비스,0.0272,1
견적반영,329,해외수집,0.0271,1
견적반영,330,IaaS(서버,0.027,1
견적반영,331,워크플로우,0.0268,1
견적반영,332,기반의,0.0268,2
견적반영,333,처리하여,0.0267,2
견적반영,334,로그,0.0267,2
견적반영,335,기본기능,0.0266,1
견적반영,336,데이터(텍스트,0.0266,1
견적반영,337,발급,0.0266,1
견적반영,338,수집·보존,0.0263,1
견적반영,339,자동화된,0.0261,2
견적반영,340,모델명,0.0261,2
견적반영,341,자원에,0.026,3
견적반영,342,부하를,0.0257,1
견적반영,343,부하테스트,0.0257,1
견적반영,344,알림,0.0256,1
견적반영,345,알림을,0.0256,1
견적반영,346,처리구조,0.0256,1
견적반영,347,AI판단,0.0254,1
견적반영,348,AI거버넌스를,0.0254,1
견적반영,349,대-중-소,0.0252,1
견적반영,350,구성되어야,0.0252,1
견적반영,351,가능한,0.0252,2
견적반영,352,문서·데이터,0.0251,1
견적반영,353,질의-응답,0.0251,1
견적반영,354,데이터(피드백,0.0248,1
견적반영,355,생성하여,0.0246,1
견적반영,356,구성하여야,0.0245,1
견적반영,357,개인정보를,0.0245,2
견적반영,358,개인정보,0.0245,2
견적반영,359,수집데이터의,0.0245,1
견적반영,360,문서는,0.0243,3
견적반영,361,서비스-모델,0.0242,1
견적반영,362,등)와,0.0242,1
견적반영,363,데이터분석,0.024,1
견적반영,364,구조·데이터,0.024,1
견적반영,365,데이터(예,0.024,1
견적반영,366,버전을,0.0239,2
견적반영,367,제공되어야,0.0238,3
견적반영,368,AI기능,0.0238,2
견적반영,369,AI버튼,0.0238,2
견적반영,370,전문모델(sLLM)별,0.0238,1
견적반영,371,전문모델별,0.0238,1
견적반영,372,답변부서,0.0238,1
견적반영,373,답변서,0.0238,1
견적반영,374,답변서를,0.0238,1
견적반영,375,정적분석,0.0237,1
견적반영,376,분석·외부,0.0237,1
견적반영,377,할당,0.0237,1
견적반영,378,메타데이터에,0.0234,1
견적반영,379,업무에,0.0234,1
견적반영,380,워크스페이스별,0.0233,2
견적반영,381,프레임워크/라이브러리,0.0233,2
견적반영,382,GPU/CPU/메모리,0.0231,1
견적반영,383,알림항목(GPU온도,0.0231,1
견적반영,384,수집에,0.0231,1
견적반영,385,수집체계,0.0231,1
견적반영,386,제공(수동,0.023,1
견적반영,387,정책,0.0228,2
견적반영,388,템플릿,0.0227,1
견적반영,389,템플릿의,0.0227,1
견적반영,390,템플릿별,0.0227,1
견적반영,391,템플릿에,0.0227,1
견적반영,392,템플릿을,0.0227,1
견적반영,393,전략(To-Be,0.0227,1
견적반영,394,Few-shot,0.0227,1
견적반영,395,IDE,0.0224,2
견적반영,396,IDE를,0.0224,2
견적반영,397,연결,0.0224,1
견적반영,398,히스토리,0.0224,1
견적반영,399,문서(HWPX,0.0223,1
견적반영,400,DB접근,0.0222,1
견적반영,401,요청·승인·반려·자동,0.0222,1
견적반영,402,검색할,0.0221,1
견적반영,403,기능(모델,0.0221,1
견적반영,404,가명처리,0.0221,2
견적반영,405,모델이,0.022,3
견적반영,406,데이터·모델,0.0219,1
견적반영,407,이상,0.0216,1
견적반영,408,제시,0.0216,1
견적반영,409,제시(예,0.0216,1
견적반영,410,구성과,0.0215,1
견적반영,411,분리,0.0215,1
견적반영,412,자동을,0.0214,1
견적반영,413,추출을,0.0213,1
견적반영,414,검색된,0.0212,3
견적반영,415,품질을,0.0212,1
견적반영,416,데이터/데이터모델,0.0212,1
견적반영,417,데이터셋(플랫폼,0.0212,1
견적반영,418,가능할,0.0212,2
견적반영,419,지원하는,0.021,1
견적반영,420,환경,0.0208,2
견적반영,421,비-RAG,0.0207,1
견적반영,422,SFR-011에서,0.0206,2
견적반영,423,출력(처리,0.0205,1
견적반영,424,처리일,0.0205,1
견적반영,425,구성에,0.0204,1
견적반영,426,구성(1식,0.0204,1
견적반영,427,강화학습,0.0201,1
견적반영,428,강화학습을,0.0201,1
견적반영,429,강화학습에,0.0201,1
견적반영,430,관리자,0.02,4
견적반영,431,모델(sLLM)별,0.0199,2
견적반영,432,호출,0.0199,1
견적반영,433,분리된,0.0198,1
견적반영,434,국제의약용어(MedDRa,0.0198,1
견적반영,435,빅데이터,0.0198,1
견적반영,436,질의어를,0.0198,1
견적반영,437,질의를,0.0194,1
견적반영,438,종료,0.0194,1
견적반영,439,모델·API,0.0194,1
견적반영,440,시각화,0.0193,1
견적반영,441,시각화(그래프·표·타임라인,0.0193,1
견적반영,442,메타데이터(작성자,0.0192,1
견적반영,443,플랫폼용,0.0192,1
견적반영,444,플랫폼의,0.0192,1
견적반영,445,파일,0.0191,2
견적반영,446,파일(pdf,0.0191,2
견적반영,447,파일경로,0.0191,2
견적반영,448,수집은,0.0189,1
견적반영,449,수집이,0.0189,1
견적반영,450,연계·수집,0.0189,1
견적반영,451,재수집,0.0189,1
견적반영,452,로그수집,0.0189,1
견적반영,453,수정하여,0.0189,1
견적반영,454,수집자료,0.0188,1
견적반영,455,수집내용의,0.0188,1
견적반영,456,민원사례,0.0188,1
견적반영,457,민원사례를,0.0188,1
견적반영,458,민원인,0.0188,1
견적반영,459,민원경로,0.0188,1
견적반영,460,민원내용,0.0188,1
견적반영,461,상담지식,0.0187,1
견적반영,462,OpenAI,0.0187,1
견적반영,463,모니터링(RAG,0.0187,1
견적반영,464,수집·적재,0.0186,1
견적반영,465,제공해야,0.0185,2
견적반영,466,인코딩(UTF-8을,0.0184,1
견적반영,467,이력,0.0184,2
견적반영,468,처리업무,0.0184,1
견적반영,469,처리결과를,0.0184,1
견적반영,470,고품질,0.0182,1
견적반영,471,배포(Blue-Green,0.0181,1
견적반영,472,개발·배포,0.0181,1
견적반영,473,제공(문서의,0.0181,1
견적반영,474,포함하여,0.0181,1
견적반영,475,설정할,0.018,2
견적반영,476,SW사업,0.0179,1
견적반영,477,그래프(Knowledge,0.0179,1
견적반영,478,그래프,0.0179,1
견적반영,479,재학습,0.0176,1
견적반영,480,파일·코드·실행,0.0176,1
견적반영,481,On-Premise,0.0175,1
견적반영,482,레이아웃,0.0175,1
견적반영,483,멀티노드/멀티GPU,0.0175,1
견적반영,484,워크스페이스를,0.0173,1
견적반영,485,모델이나,0.0173,1
견적반영,486,추출한,0.0172,1
견적반영,487,등)에,0.0172,2
견적반영,488,등)의,0.0172,2
견적반영,489,속성기반,0.0171,1
견적반영,490,방식을,0.0171,2
견적반영,491,방식,0.0171,2
견적반영,492,방식의,0.0171,2
견적반영,493,문서군으로,0.0169,1
견적반영,494,옵션/기능,0.0169,1
견적반영,495,Multi-Agent,0.0169,1
견적반영,496,구성요소는,0.0168,1
견적반영,497,검색을,0.0168,3
견적반영,498,후처리,0.0168,1
견적반영,499,전문인력이,0.0168,1
견적반영,500,배포환경을,0.0167,1
견적반영,501,배포했는지,0.0167,1
견적반영,502,배포일,0.0167,1
견적반영,503,배포를,0.0167,1
견적반영,504,구조여야,0.0167,1
견적반영,505,편집,0.0167,1
견적반영,506,편집할,0.0167,1
견적반영,507,전문모델,0.0167,1
견적반영,508,유사한,0.0167,1
견적반영,509,유사도,0.0167,1
견적반영,510,수집·축적해야,0.0166,1
견적반영,511,모델링,0.0165,1
견적반영,512,모델링도구,0.0165,1
견적반영,513,이력관리,0.0165,1
견적반영,514,지식검색,0.0165,2
견적반영,515,플랫폼,0.0163,1
견적반영,516,작업,0.0163,2
견적반영,517,작업을,0.0163,2
견적반영,518,신청/승인,0.0163,1
견적반영,519,단계적,0.0161,1
견적반영,520,업데이트가,0.016,1
견적반영,521,단계에서E-감사시스템으로,0.0158,1
견적반영,522,단계와,0.0158,2
견적반영,523,데이터(Raw,0.0158,1
견적반영,524,데이터(Silver,0.0158,1
견적반영,525,데이터(Gold,0.0158,1
견적반영,526,데이터셋을,0.0158,1
견적반영,527,수집되는,0.0155,1
견적반영,528,수집/관리/활용,0.0155,1
견적반영,529,학습하여,0.0155,2
견적반영,530,사내업무,0.0152,1
견적반영,531,검색이,0.0152,2
견적반영,532,발송기관·발송자·문서번호,0.0152,1
견적반영,533,수집기,0.0152,2
견적반영,534,구현을,0.0151,1
견적반영,535,구현의,0.0151,1
견적반영,536,처리(마스킹,0.015,1
견적반영,537,분리(상담사-고객)가,0.015,1
견적반영,538,도입-본론(상담)-종결'의,0.015,1
견적반영,539,벡터DB의,0.015,1
견적반영,540,벡터DB,0.015,1
견적반영,541,벡터DB에,0.015,1
견적반영,542,구조화,0.0149,2
견적반영,543,저장/수집,0.0149,1
견적반영,544,수집·정제,0.0149,1
견적반영,545,자원ID,0.0148,2
견적반영,546,자원명세서로,0.0148,2
견적반영,547,워크스페이스만,0.0148,1
견적반영,548,설정이,0.0147,2
견적반영,549,Compute,0.0147,1
견적반영,550,콘솔/서버,0.0146,1
견적반영,551,버전별로,0.0145,1
견적반영,552,버전의,0.0145,1
견적반영,553,실험,0.0145,2
견적반영,554,실험을,0.0145,2
견적반영,555,저장소(www.spir.kr,0.0144,1
견적반영,556,질의서,0.0144,1
견적반영,557,질의서에,0.0144,1
견적반영,558,질의서와,0.0144,1
견적반영,559,질의에,0.0144,1
견적반영,560,이미지,0.0143,1
견적반영,561,이미지에,0.0143,1
견적반영,562,환경별(개발·검증·운영,0.0143,1
견적반영,563,워크로드에,0.0143,1
견적반영,564,워크로드,0.0143,1
견적반영,565,시스템은,0.0141,1
견적반영,566,자원운영,0.0141,1
견적반영,567,분석은,0.014,1
견적반영,568,가중치ㆍ데이터,0.0139,1
견적반영,569,RAG·학습데이터,0.0139,1
견적반영,570,데이터·모델·패키지를,0.0139,1
견적반영,571,포함된,0.0138,1
견적반영,572,추출기능을,0.0137,1
견적반영,573,중추모델,0.0136,2
견적반영,574,문서만,0.0136,1
견적반영,575,모델에서,0.0136,1
견적반영,576,투입공수(M/M,0.0136,1
견적반영,577,투입공수,0.0136,1
견적반영,578,편향·차별,0.0136,1
견적반영,579,편향,0.0136,1
견적반영,580,모델·데이터,0.0135,1
견적반영,581,저장소의,0.0134,1
견적반영,582,민원에,0.0134,1
견적반영,583,민원과,0.0134,1
견적반영,584,배포한,0.0134,1
견적반영,585,문서와AI,0.0133,1
견적반영,586,문서를AI가,0.0133,1
견적반영,587,데이터유형,0.0133,1
견적반영,588,문서·개체·주제,0.0132,1
견적반영,589,법령·정책,0.0132,1
견적반영,590,생성하는,0.0132,1
견적반영,591,전환이,0.0132,1
견적반영,592,생성할,0.0132,1
견적반영,593,단계적으로,0.0131,1
견적반영,594,통합검색,0.013,1
견적반영,595,검색으로,0.013,1
견적반영,596,검색하여,0.013,1
견적반영,597,전처리(추출,0.013,1
견적반영,598,정보(모델·프롬프트·데이터,0.0129,1
견적반영,599,청크·메타데이터·용어,0.0129,1
견적반영,600,데이터·운영,0.0129,1
견적반영,601,가능해야,0.0128,1
견적반영,602,자원별·사용자별,0.0128,1
견적반영,603,데이터(사고,0.0127,1
견적반영,604,단계까지는,0.0127,1
견적반영,605,체계에,0.0127,1
견적반영,606,권한체계에,0.0127,1
견적반영,607,비교,0.0125,1
견적반영,608,비교대상(데이터,0.0125,1
견적반영,609,의미기반의,0.0124,1
견적반영,610,식별하여,0.0123,1
견적반영,611,식별하고,0.0123,1
견적반영,612,확장이,0.0123,1
견적반영,613,확장(Auto,0.0123,1
견적반영,614,질의건수,0.0122,1
견적반영,615,질의/응답건수,0.0122,1
견적반영,616,원본-전처리,0.0121,1
견적반영,617,요약,0.012,1
견적반영,618,요약하는,0.012,1
견적반영,619,요약한,0.012,1
견적반영,620,요약된,0.012,1
견적반영,621,미터링,0.012,1
견적반영,622,구성도,0.012,1
견적반영,623,데이터셋이,0.0119,1
견적반영,624,수집단계에서,0.0119,1
견적반영,625,수집부터,0.0119,1
견적반영,626,규격·데이터,0.0118,1
견적반영,627,오케스트레이터,0.0118,1
견적반영,628,장애에,0.0118,1
견적반영,629,번역,0.0118,1
견적반영,630,번역한,0.0118,1
견적반영,631,번역된,0.0118,1
견적반영,632,모델입력으로,0.0117,1
견적반영,633,문서와,0.0117,1
견적반영,634,작업환경(컨테이너)내에서,0.0115,1
견적반영,635,기준(AI,0.0115,1
견적반영,636,데이터중,0.0115,1
견적반영,637,구성하고,0.0115,1
견적반영,638,데이터맵,0.0114,1
견적반영,639,학습데이터셋은,0.0114,1
견적반영,640,학습데이터셋을,0.0114,1
견적반영,641,원시데이터,0.0114,1
견적반영,642,중간데이터,0.0114,1
견적반영,643,도구·선별,0.0114,1
견적반영,644,개인정보보호법,0.0113,1
견적반영,645,개인정보보호위원회,0.0113,1
견적반영,646,개인정보의,0.0113,1
견적반영,647,개인정보보호관련,0.0113,1
견적반영,648,개인정보에,0.0113,1
견적반영,649,개인정보는,0.0113,1
견적반영,650,개인정보파일명,0.0113,1
견적반영,651,개인정보보호,0.0113,1
견적반영,652,자원'의,0.0113,1
견적반영,653,지원하여,0.0112,1
견적반영,654,처리한,0.0111,1
견적반영,655,처리담당자,0.0111,1
견적반영,656,처리부서장임,0.0111,1
견적반영,657,로그분석,0.0111,1
견적반영,658,분석·비정상,0.0111,1
견적반영,659,이미지를,0.0111,1
견적반영,660,이미지/도형,0.0111,1
견적반영,661,수·용량,0.011,1
견적반영,662,대용량,0.011,1
견적반영,663,용량,0.011,1
견적반영,664,환경구성,0.0109,1
견적반영,665,환경구성을,0.0109,1
견적반영,666,구성방안을,0.0109,1
견적반영,667,구성시,0.0109,1
견적반영,668,품질·업무,0.0109,1
견적반영,669,문서에서,0.0109,1
견적반영,670,문서가,0.0109,1
견적반영,671,정보(문서명,0.0109,1
견적반영,672,정보제공,0.0107,1
견적반영,673,평가데이터셋을,0.0107,1
견적반영,674,도커이미지/패키지/모델/데이터,0.0106,1
견적반영,675,업무신청포털을,0.0106,1
견적반영,676,파일을ESB,0.0106,1
견적반영,677,모델(LLM,0.0106,1
견적반영,678,모델정보,0.0106,1
견적반영,679,재식별,0.0105,1
견적반영,680,SW,0.0104,1
견적반영,681,정보(SW사업,0.0104,1
견적반영,682,항목(SER-001)의,0.0104,1
견적반영,683,다단계,0.0104,1
견적반영,684,상세처리,0.0103,1
견적반영,685,전처리를,0.0103,1
견적반영,686,구조(Embedding,0.0103,1
견적반영,687,SFR-011의,0.0102,1
견적반영,688,표시되는,0.0102,1
견적반영,689,실험에,0.0102,1
견적반영,690,시스템·분석,0.0101,1
견적반영,691,문서별·그룹별,0.01,1
견적반영,692,단계의,0.0099,1
견적반영,693,적용하고,0.0099,1
견적반영,694,재평가·적용하는,0.0099,1
견적반영,695,제공(문단,0.0098,1
견적반영,696,설정값,0.0097,1
견적반영,697,자원(CPU/GPU/Memory,0.0097,1
견적반영,698,검색과,0.0097,2
견적반영,699,모델(오토라벨링,0.0097,1
견적반영,700,환경설정,0.0096,2
견적반영,701,정책변경,0.0095,1
견적반영,702,모델·프롬프트·검색,0.0095,1
견적반영,703,안전성,0.0095,1
견적반영,704,안전하게,0.0095,1
견적반영,705,안전한,0.0095,1
견적반영,706,설정·예약자/사용자,0.0094,1
견적반영,707,수집·이용목적이,0.0094,1
견적반영,708,서버로,0.0094,1
견적반영,709,서버를,0.0094,1
견적반영,710,서버에,0.0094,1
견적반영,711,Servlet,0.0094,1
견적반영,712,버전으로,0.0094,1
견적반영,713,기능이,0.0093,1
견적반영,714,등)기능,0.0093,1
견적반영,715,튜닝할,0.0092,1
견적반영,716,튜닝,0.0092,1
견적반영,717,관리가,0.0092,2
견적반영,718,평가방안,0.0092,1
견적반영,719,평가를,0.0092,1
견적반영,720,평가할,0.0092,1
견적반영,721,SER-003의,0.0091,1
견적반영,722,SER-002,0.0091,1
견적반영,723,SER-009를,0.0091,1
견적반영,724,메타데이터와,0.0091,1
견적반영,725,데이터셋의,0.0091,1
견적반영,726,학습된,0.0091,1
견적반영,727,내부문서,0.0091,1
견적반영,728,수신/발송,0.009,1
견적반영,729,발송,0.009,1
견적반영,730,수신·발송,0.009,1
견적반영,731,발송자,0.009,1
견적반영,732,언어모델,0.009,1
견적반영,733,통합문서관리시스템을,0.009,1
견적반영,734,학습하게,0.009,1
견적반영,735,기능에,0.0089,1
견적반영,736,테이블,0.0089,1
견적반영,737,테이블이,0.0089,1
견적반영,738,수정불가능,0.0088,1
견적반영,739,가능하고,0.0088,1
견적반영,740,원격관리서비스(RDP,0.0088,1
견적반영,741,원격관리서비스,0.0088,1
견적반영,742,관리자는,0.0087,2
견적반영,743,문서(자료)와,0.0086,1
견적반영,744,문서(자료)는,0.0086,1
견적반영,745,문서화해야,0.0086,1
견적반영,746,문서작성,0.0086,1
견적반영,747,이력·TI,0.0086,1
견적반영,748,자동화(챗봇,0.0085,1
견적반영,749,자동화(세금계산서,0.0085,1
견적반영,750,인프라를,0.0084,1
견적반영,751,인프라는,0.0084,1
견적반영,752,신규·수정된,0.0084,1
견적반영,753,준수하여,0.0084,1
견적반영,754,준수할,0.0084,1
견적반영,755,방안을,0.0083,1
견적반영,756,방안(Macro,0.0083,1
견적반영,757,방안(교육,0.0083,1
견적반영,758,관리할,0.0083,2
견적반영,759,개발되어야,0.0082,1
견적반영,760,보여주어야,0.0082,1
견적반영,761,데이터(말뭉치,0.0082,1
견적반영,762,Fine-Tuning)데이터셋,0.0082,1
견적반영,763,검색기능이,0.0081,1
견적반영,764,검색어를,0.0081,1
견적반영,765,동기화(업데이트/삭제)되는,0.0081,1
견적반영,766,공유모델,0.008,1
견적반영,767,방향,0.008,1
견적반영,768,방향성을,0.008,1
견적반영,769,방향성,0.008,1
견적반영,770,등록·관리,0.0079,1
견적반영,771,배포하고,0.0078,1
견적반영,772,전표처리,0.0077,1
견적반영,773,볼트(마스킹,0.0077,1
견적반영,774,마스킹/가명,0.0077,1
견적반영,775,마스킹,0.0077,1
견적반영,776,시뮬레이터/물리엔진에서,0.0076,1
견적반영,777,내에서,0.0076,1
견적반영,778,옵션설정(중요편지·수신확인·예약설정,0.0075,1
견적반영,779,설정하여,0.0075,1
견적반영,780,자동화하는,0.0075,1
견적반영,781,수동/자동,0.0075,1
견적반영,782,게시판에,0.0074,1
견적반영,783,게시글의,0.0074,1
견적반영,784,게시판·카테고리·문서,0.0074,1
견적반영,785,게시물,0.0074,1
견적반영,786,버전이,0.0074,1
견적반영,787,구버전을,0.0074,1
견적반영,788,모델)을,0.0073,1
견적반영,789,검색엔진(elastic,0.0073,1
견적반영,790,검색엔진,0.0073,1
견적반영,791,통합검색(게시판,0.0073,1
견적반영,792,검색(유사도,0.0073,1
견적반영,793,검색엔진과,0.0073,1
견적반영,794,검색결과,0.0073,1
견적반영,795,업무내역을,0.0072,1
견적반영,796,수행업무(생성,0.0072,1
견적반영,797,검색어,0.0071,1
견적반영,798,처리하기,0.0071,1
견적반영,799,기능과,0.007,1
견적반영,800,기능으로,0.007,1
견적반영,801,저장/관리할,0.007,1
견적반영,802,저장된,0.007,1
견적반영,803,GPU(Nvidia,0.0069,1
견적반영,804,GPU간,0.0069,1
견적반영,805,보안관리방안,0.0067,1
견적반영,806,복구방안,0.0067,1
견적반영,807,관리하고,0.0067,1
견적반영,808,추적·관리,0.0067,1
견적반영,809,통합관리,0.0067,1
견적반영,810,전처리·정제,0.0067,1
견적반영,811,처리로직,0.0067,1
견적반영,812,처리오류,0.0067,1
견적반영,813,재처리율,0.0067,1
견적반영,814,추출이,0.0067,1
견적반영,815,구조와,0.0066,1
견적반영,816,구조로,0.0066,1
견적반영,817,타입별(CPU,0.0066,1
견적반영,818,학습하고,0.0065,1
견적반영,819,실행환경,0.0065,1
견적반영,820,운영환경,0.0065,1
견적반영,821,수집→파싱→분류→청킹→임베딩,0.0064,1
견적반영,822,수집→파싱→분류→청킹→승인→임베딩,0.0064,1
견적반영,823,정형데이터에,0.0063,1
견적반영,824,데이터셋(CSV,0.0063,1
견적반영,825,정형데이터와,0.0063,1
견적반영,826,비정형데이터를,0.0063,1
견적반영,827,설정·관리,0.0063,1
견적반영,828,자동화평가,0.0063,1
견적반영,829,AI플랫폼은,0.0062,1
견적반영,830,AI플랫폼과,0.0062,1
견적반영,831,AI플랫폼에서,0.0062,1
견적반영,832,AI플랫폼,0.0062,1
견적반영,833,체계를,0.0062,1
견적반영,834,보안체계,0.0062,1
견적반영,835,보호체계를,0.0062,1
견적반영,836,문서에는,0.0062,1
견적반영,837,설정하고,0.0062,1
견적반영,838,내역,0.0061,1
견적반영,839,내역을,0.0061,1
견적반영,840,내역에,0.0061,1
견적반영,841,필터링하여,0.006,1
견적반영,842,단계로,0.0058,1
견적반영,843,단계(Context,0.0058,1
견적반영,844,단계(Faithfulness,0.0058,1
견적반영,845,제공하여야,0.0058,1
견적반영,846,제공하고,0.0058,1
견적반영,847,로그에,0.0058,1
견적반영,848,로그(SFR-011의,0.0058,1
견적반영,849,로그의,0.0058,1
견적반영,850,로그를,0.0058,1
견적반영,851,로그에는,0.0058,1
견적반영,852,로그/보안,0.0058,1
견적반영,853,관리자에게,0.0057,1
견적반영,854,검색용,0.0057,1
견적반영,855,검색대상,0.0057,1
견적반영,856,검색하는,0.0057,1
견적반영,857,설정시,0.0057,1
견적반영,858,설정한,0.0057,1
견적반영,859,설정(MIG,0.0057,1
견적반영,860,IDE(VSCode,0.0056,1
견적반영,861,IDE에서,0.0056,1
견적반영,862,IDE의,0.0056,1
견적반영,863,IDE와,0.0056,1
견적반영,864,작업환경은,0.0056,1
견적반영,865,작업환경(컨테이터,0.0056,1
견적반영,866,작업환경,0.0056,1
견적반영,867,작업환경(컨테이너)가,0.0056,1
견적반영,868,작업결과물은,0.0056,1
견적반영,869,CPU(32코어,0.0056,1
견적반영,870,Throughput,0.0056,1
견적반영,871,제공하여,0.0055,1
견적반영,872,제공할,0.0055,1
견적반영,873,적합한AI,0.0054,1
견적반영,874,여러AI,0.0054,1
견적반영,875,모듈과AI,0.0054,1
견적반영,876,새로운AI,0.0054,1
견적반영,877,기본모델,0.0054,1
견적반영,878,기본모델을,0.0054,1
견적반영,879,비정형데이터에,0.0054,1
견적반영,880,데이터명,0.0054,1
견적반영,881,메타정보,0.0053,1
견적반영,882,지식자료(문서,0.0053,1
견적반영,883,지식자료의,0.0053,1
견적반영,884,구축·관리하는,0.0051,1
견적반영,885,표시되어야,0.0051,1
견적반영,886,되어야,0.0051,1
견적반영,887,로그인되어야,0.0051,1
견적반영,888,작업시간을,0.005,1
견적반영,889,단위작업,0.005,1
견적반영,890,분류·메타데이터,0.0049,1
견적반영,891,데이터셋(위원회,0.0049,1
견적반영,892,메타데이터(게시일,0.0049,1
견적반영,893,외부자원의,0.0048,1
견적반영,894,Pod,0.0047,1
견적반영,895,Pod별,0.0047,1
견적반영,896,Pod실패,0.0047,1
견적반영,897,Pod의,0.0047,1
견적반영,898,Pod/Job,0.0047,1
견적반영,899,처리(지식베이스,0.0047,1
견적반영,900,처리자,0.0047,1
견적반영,901,전처리·검색,0.0047,1
견적반영,902,검색어로,0.0047,1
견적반영,903,질의/검색,0.0047,1
견적반영,904,파일문서가,0.0045,1
견적반영,905,파일문서의,0.0045,1
견적반영,906,문서그룹,0.0045,1
견적반영,907,추출하기,0.0043,1
견적반영,908,추출해야,0.0043,1
견적반영,909,추출된,0.0043,1
견적반영,910,실험의,0.0043,1
견적반영,911,실험에서,0.0043,1
견적반영,912,실험(Run,0.0043,1
견적반영,913,실험(개발,0.0043,1
견적반영,914,이력(실행,0.0042,1
견적반영,915,실행에,0.0042,1
견적반영,916,제어(실행,0.0042,1
견적반영,917,모델(또는,0.0041,1
견적반영,918,중추모델(120B)과의,0.0041,1
견적반영,919,외부모델,0.0041,1
견적반영,920,구조화된,0.0041,1
견적반영,921,구조화하는,0.0041,1
견적반영,922,구조에,0.0041,1
견적반영,923,구조(표,0.0041,1
견적반영,924,처리부서,0.0041,1
견적반영,925,처리되는,0.0041,1
견적반영,926,검색·답변,0.004,1
견적반영,927,임베딩/검색,0.004,1
견적반영,928,복합검색,0.004,1
견적반영,929,환경을,0.0039,1
견적반영,930,작업환경(컨테이너)내,0.0039,1
견적반영,931,환경에,0.0039,1
견적반영,932,작업환경(컨테이너)와,0.0039,1
견적반영,933,Agent,0.0038,1
견적반영,934,Agent들을,0.0038,1
견적반영,935,Agent가,0.0038,1
견적반영,936,Agent를,0.0038,1
견적반영,937,Agent는,0.0038,1
견적반영,938,Agent의,0.0038,1
견적반영,939,관리하기,0.0037,1
견적반영,940,관리자와,0.0037,1
견적반영,941,관리자만,0.0037,1
견적반영,942,사전(용어사전DB,0.0036,1
견적반영,943,기술(용어사전DB+학습된,0.0036,1
견적반영,944,방식은,0.0035,1
견적반영,945,방식(전체,0.0035,1
견적반영,946,데이블은,0.0034,1
견적반영,947,관리(등록·수정·삭제,0.0034,1
견적반영,948,관리(등록·수정·삭제·겸직,0.0034,1
견적반영,949,수발신,0.0034,1
견적반영,950,횟수를,0.0034,1
견적반영,951,건수,0.0034,1
견적반영,952,건수가,0.0034,1
견적반영,953,이행시기를,0.0032,1
견적반영,954,이행대상은,0.0032,1
견적반영,955,이행을,0.0032,1
견적반영,956,이행이,0.0032,1
견적반영,957,이행방식은,0.0032,1
견적반영,958,일괄이행,0.0032,1
견적반영,959,확인기능(모델명,0.0031,1
견적반영,960,LLM모델을,0.0031,1
견적반영,961,E-감사시스템,0.003,1
견적반영,962,일상감사,0.003,1
견적반영,963,E-감사시스템과,0.003,1
견적반영,964,감사실,0.003,1
견적반영,965,감사실을,0.003,1
견적반영,966,E-감사,0.003,1
견적반영,967,시E-감사,0.003,1
견적반영,968,관리해야,0.0025,1
견적반영,969,이력관리를,0.0025,1
견적반영,970,관리(CDC)가,0.0025,1
견적반영,971,관리(생성/수정/삭제)되어야,0.0025,1
견적반영,972,탈옥(Jailbreak,0.0024,1
견적반영,973,설명가능(XAI,0.0024,1
견적반영,974,AI보안,0.0024,1
견적반영,975,공공기관AI,0.0024,1
견적반영,976,고지(Disclaimer,0.0024,1
견적반영,977,라벨링과,0.0024,1
견적반영,978,라벨링을,0.0024,1
견적반영,979,라벨링,0.0024,1
견적반영,980,라벨링/어노테이션,0.0024,1
견적반영,981,오토라벨링,0.0024,1
견적반영,982,오토라벨링을,0.0024,1
견적반영,983,얼굴라벨링의,0.0024,1
견적반영,984,라벨링이,0.0024,1
견적반영,985,관리에,0.002,1
견적반영,986,관리하는,0.002,1
견적반영,987,관리하되,0.002,1
견적반영,988,관리하여,0.002,1
계약·질의검토,1,성능,2.2712,30
계약·질의검토,2,이상,1.8034,41
계약·질의검토,3,동시,1.447,9
계약·질의검토,4,테스트,1.0225,17
계약·질의검토,5,협의하여,1.0058,16
계약·질의검토,6,AI,0.9694,10
계약·질의검토,7,제안사는,0.8066,16
계약·질의검토,8,계약상대자가,0.6988,6
계약·질의검토,9,사업수행사가,0.5503,7
계약·질의검토,10,공사에서,0.5454,8
계약·질의검토,11,최대,0.5396,4
계약·질의검토,12,사용자가,0.5058,8
계약·질의검토,13,라이선스,0.4784,5
계약·질의검토,14,이내,0.4436,7
계약·질의검토,15,발주기관과,0.4283,7
계약·질의검토,16,인터페이스,0.4125,6
계약·질의검토,17,이행하여야,0.4093,4
계약·질의검토,18,하자보수,0.4084,7
계약·질의검토,19,기준,0.4069,18
계약·질의검토,20,제안사가,0.4024,11
계약·질의검토,21,사항은,0.3909,8
계약·질의검토,22,이내에,0.3795,12
계약·질의검토,23,테스트를,0.3584,7
계약·질의검토,24,발견된,0.3459,3
계약·질의검토,25,계약상대자는,0.3327,5
계약·질의검토,26,협의,0.3301,11
계약·질의검토,27,하자보증,0.3238,4
계약·질의검토,28,이상의,0.309,14
계약·질의검토,29,사용자,0.3063,9
계약·질의검토,30,계약상대자,0.2953,4
계약·질의검토,31,장애,0.2893,9
계약·질의검토,32,성능테스트,0.2796,2
계약·질의검토,33,하자보수기간,0.2746,4
계약·질의검토,34,보안,0.2626,10
계약·질의검토,35,조치,0.262,10
계약·질의검토,36,부하,0.2619,3
계약·질의검토,37,기존,0.2609,7
계약·질의검토,38,발주기관,0.247,8
계약·질의검토,39,성능이,0.245,6
계약·질의검토,40,보안성,0.2307,4
계약·질의검토,41,응답,0.2233,7
계약·질의검토,42,사업수행사는,0.2051,5
계약·질의검토,43,목표성능을,0.2047,2
계약·질의검토,44,제안,0.1926,18
계약·질의검토,45,않아야,0.1907,4
계약·질의검토,46,하자보수기간에,0.1874,2
계약·질의검토,47,제품,0.1867,11
계약·질의검토,48,있어야,0.1845,2
계약·질의검토,49,대량의,0.1843,2
계약·질의검토,50,시간으로부터,0.1839,4
계약·질의검토,51,이상을,0.1747,5
계약·질의검토,52,모든,0.1735,1
계약·질의검토,53,복구,0.1734,6
계약·질의검토,54,연동,0.1666,5
계약·질의검토,55,발주기관에서는,0.164,2
계약·질의검토,56,제안요청서에,0.1588,8
계약·질의검토,57,서비스를,0.1549,4
계약·질의검토,58,제안서에,0.1538,8
계약·질의검토,59,비용은,0.1503,2
계약·질의검토,60,기반,0.1484,2
계약·질의검토,61,방안(테스트,0.1481,1
계약·질의검토,62,목표성능에,0.1473,1
계약·질의검토,63,3초,0.1434,2
계약·질의검토,64,대해,0.1417,4
계약·질의검토,65,플랫폼,0.1397,4
계약·질의검토,66,지원하여야하고,0.1383,1
계약·질의검토,67,서비스,0.1354,3
계약·질의검토,68,제안서,0.1351,10
계약·질의검토,69,경우,0.134,6
계약·질의검토,70,공사와,0.1331,7
계약·질의검토,71,제안사,0.1321,4
계약·질의검토,72,자동,0.1314,3
계약·질의검토,73,성능테스트는,0.1313,1
계약·질의검토,74,하자보수기간은,0.131,1
계약·질의검토,75,사업수행,0.1297,5
계약·질의검토,76,제안요청서,0.1293,6
계약·질의검토,77,제안사에서,0.1286,2
계약·질의검토,78,이에,0.1276,2
계약·질의검토,79,등에,0.1276,4
계약·질의검토,80,시간은,0.1253,6
계약·질의검토,81,성능을,0.1226,4
계약·질의검토,82,요구사항은,0.122,3
계약·질의검토,83,"대상,",0.1204,2
계약·질의검토,84,100/1000Base-TX,0.1197,2
계약·질의검토,85,허용되는,0.1171,1
계약·질의검토,86,영향을,0.1166,4
계약·질의검토,87,S/W는,0.1151,2
계약·질의검토,88,장애복구,0.1142,2
계약·질의검토,89,조치를,0.1135,3
계약·질의검토,90,개인정보,0.112,2
계약·질의검토,91,성능에,0.1118,2
계약·질의검토,92,인터페이스를,0.1115,2
계약·질의검토,93,없이,0.1113,3
계약·질의검토,94,텍스트로,0.1113,1
계약·질의검토,95,사용자의,0.1105,4
계약·질의검토,96,검사/테스트를,0.109,2
계약·질의검토,97,S/W,0.107,3
계약·질의검토,98,발주기관에,0.1067,3
계약·질의검토,99,이상(서비스,0.1061,4
계약·질의검토,100,메모리,0.1057,1
계약·질의검토,101,성능관리,0.1056,1
계약·질의검토,102,기준을,0.1052,7
계약·질의검토,103,시스템과,0.1041,1
계약·질의검토,104,요청한,0.1021,4
계약·질의검토,105,업로드한,0.1013,2
계약·질의검토,106,업로드,0.1013,2
계약·질의검토,107,설치,0.0978,3
계약·질의검토,108,음성,0.0969,2
계약·질의검토,109,시스템,0.0964,2
계약·질의검토,110,시간,0.0962,7
계약·질의검토,111,필요사항은,0.0957,2
계약·질의검토,112,지원,0.0957,6
계약·질의검토,113,성능치,0.0954,1
계약·질의검토,114,가능하도록,0.095,2
계약·질의검토,115,과정에서,0.0949,1
계약·질의검토,116,시간을,0.0936,3
계약·질의검토,117,"경우,",0.0933,1
계약·질의검토,118,동시접속자,0.0922,2
계약·질의검토,119,발주기관측,0.0921,1
계약·질의검토,120,제품은,0.0916,6
계약·질의검토,121,입력한,0.0905,2
계약·질의검토,122,연계,0.0902,3
계약·질의검토,123,공사의,0.0894,5
계약·질의검토,124,결과를,0.0893,4
계약·질의검토,125,수량,0.0893,5
계약·질의검토,126,가능해야,0.0889,4
계약·질의검토,127,상용S/W,0.0883,1
계약·질의검토,128,검수는,0.0877,2
계약·질의검토,129,검수,0.0877,2
계약·질의검토,130,라이선스를,0.0867,2
계약·질의검토,131,솔루션,0.0865,1
계약·질의검토,132,정보보호,0.0857,2
계약·질의검토,133,내부,0.0857,2
계약·질의검토,134,관리(동시접속자,0.0855,1
계약·질의검토,135,발주기관의,0.0838,5
계약·질의검토,136,하자보증서,0.083,2
계약·질의검토,137,계약상대자에게,0.082,1
계약·질의검토,138,구축,0.082,5
계약·질의검토,139,사용자에게,0.0815,5
계약·질의검토,140,한다.,0.0814,2
계약·질의검토,141,공사,0.08,3
계약·질의검토,142,협의하여야,0.0794,1
계약·질의검토,143,이상(데이터,0.0791,3
계약·질의검토,144,이상(관리,0.0791,3
계약·질의검토,145,요청,0.078,5
계약·질의검토,146,연계를,0.078,1
계약·질의검토,147,사업,0.0769,7
계약·질의검토,148,라이선스는,0.0768,2
계약·질의검토,149,분석하여,0.0766,1
계약·질의검토,150,발생,0.0744,4
계약·질의검토,151,기준은,0.0731,4
계약·질의검토,152,조치할,0.073,3
계약·질의검토,153,암호화,0.0703,2
계약·질의검토,154,공사는,0.0702,2
계약·질의검토,155,보고서,0.0702,1
계약·질의검토,156,성능문제,0.07,2
계약·질의검토,157,성능진단,0.07,2
계약·질의검토,158,지원하여야,0.0698,3
계약·질의검토,159,실시하고,0.069,1
계약·질의검토,160,무상하자보수,0.0688,2
계약·질의검토,161,응답시간이,0.0685,3
계약·질의검토,162,하자보수방안,0.0684,1
계약·질의검토,163,하자보수가,0.0684,1
계약·질의검토,164,대한,0.068,1
계약·질의검토,165,개인정보영향평가,0.0678,2
계약·질의검토,166,보완·테스트,0.0678,1
계약·질의검토,167,하자가,0.0674,7
계약·질의검토,168,소유권(라이선스,0.0668,1
계약·질의검토,169,발주기관”의,0.0666,2
계약·질의검토,170,동일한,0.0664,2
계약·질의검토,171,사업수행에,0.0659,2
계약·질의검토,172,제안요청서를,0.0657,1
계약·질의검토,173,기타,0.0655,1
계약·질의검토,174,사업자가,0.0653,6
계약·질의검토,175,조치가,0.065,3
계약·질의검토,176,이상/메모리,0.0649,1
계약·질의검토,177,이상/디스크,0.0649,1
계약·질의검토,178,라이선스(OS,0.0644,1
계약·질의검토,179,성능목표를,0.0633,1
계약·질의검토,180,기술지원,0.0632,4
계약·질의검토,181,평가,0.0627,4
계약·질의검토,182,이행하지,0.0626,1
계약·질의검토,183,AI책임소재,0.0621,1
계약·질의검토,184,의사결정기구(AI,0.0621,1
계약·질의검토,185,장애발생에,0.0614,2
계약·질의검토,186,보안성검토,0.0614,1
계약·질의검토,187,제안서를,0.0612,2
계약·질의검토,188,교육계획서에는,0.0608,2
계약·질의검토,189,제품인,0.0608,3
계약·질의검토,190,도입수량,0.0602,5
계약·질의검토,191,기술이전,0.0597,3
계약·질의검토,192,성능목표,0.0583,1
계약·질의검토,193,S/W로,0.0583,1
계약·질의검토,194,발주기관에서,0.0579,2
계약·질의검토,195,제품으로,0.0579,4
계약·질의검토,196,도입,0.0577,5
계약·질의검토,197,교육계획서를,0.0576,1
계약·질의검토,198,"상태,",0.0564,1
계약·질의검토,199,이상으로,0.0564,3
계약·질의검토,200,수량에,0.0563,2
계약·질의검토,201,납품,0.0563,4
계약·질의검토,202,발주기관이,0.0558,2
계약·질의검토,203,플랫폼과,0.0556,1
계약·질의검토,204,데이터플랫폼,0.0556,1
계약·질의검토,205,100/1000,0.0553,1
계약·질의검토,206,비용을,0.0552,2
계약·질의검토,207,전문,0.0551,1
계약·질의검토,208,요구사항,0.055,1
계약·질의검토,209,암호화를,0.055,1
계약·질의검토,210,암호화·접근통제·무결성,0.055,1
계약·질의검토,211,가능한,0.055,3
계약·질의검토,212,오류사항은,0.0548,1
계약·질의검토,213,조치하여야,0.0548,2
계약·질의검토,214,언급되지,0.0543,2
계약·질의검토,215,중요정보(개인정보,0.0543,1
계약·질의검토,216,개인정보보호위원회,0.0543,1
계약·질의검토,217,시스템에서,0.054,3
계약·질의검토,218,기능․성능,0.0536,1
계약·질의검토,219,개인정보영향평가가,0.0536,1
계약·질의검토,220,영향평가사의,0.0536,1
계약·질의검토,221,무상하자보수는,0.0536,1
계약·질의검토,222,부담,0.0534,3
계약·질의검토,223,테스트(검수,0.0527,1
계약·질의검토,224,운영자,0.0527,2
계약·질의검토,225,비응답,0.0525,1
계약·질의검토,226,발주기관은,0.0525,3
계약·질의검토,227,수행하여야,0.0517,2
계약·질의검토,228,사업수행계획서,0.0517,1
계약·질의검토,229,사업수행계획서와,0.0517,1
계약·질의검토,230,제안사의,0.051,5
계약·질의검토,231,보안체계,0.0508,1
계약·질의검토,232,제안하여야,0.0508,4
계약·질의검토,233,업로드용,0.0507,1
계약·질의검토,234,요구사항에,0.0505,4
계약·질의검토,235,사항,0.0498,4
계약·질의검토,236,성능강화를,0.0496,1
계약·질의검토,237,필요한,0.0495,1
계약·질의검토,238,장애발생,0.0494,2
계약·질의검토,239,제안한,0.0494,6
계약·질의검토,240,연동을,0.0494,2
계약·질의검토,241,제품을,0.049,5
계약·질의검토,242,세부사항은,0.049,1
계약·질의검토,243,인터페이스(SFP,0.0488,1
계약·질의검토,244,검증,0.0482,2
계약·질의검토,245,발견,0.0476,2
계약·질의검토,246,계약상대자의,0.0475,1
계약·질의검토,247,시험(성능,0.0464,1
계약·질의검토,248,요구하는,0.0457,3
계약·질의검토,249,환경과,0.0456,2
계약·질의검토,250,LLM,0.0455,2
계약·질의검토,251,교육,0.0455,2
계약·질의검토,252,교육은,0.0455,2
계약·질의검토,253,성능/부하,0.0455,1
계약·질의검토,254,성능/부하테스트,0.0455,1
계약·질의검토,255,이상(백업,0.0454,2
계약·질의검토,256,연동이,0.0451,2
계약·질의검토,257,개인정보보호,0.0451,1
계약·질의검토,258,검수완료,0.0447,1
계약·질의검토,259,성능(부하,0.0447,1
계약·질의검토,260,제품에,0.0439,5
계약·질의검토,261,보완·테스트를,0.0439,2
계약·질의검토,262,구축하여야,0.0439,3
계약·질의검토,263,발견되거나,0.0438,2
계약·질의검토,264,하자보수를,0.0435,2
계약·질의검토,265,이상)에,0.042,2
계약·질의검토,266,측정하고,0.0413,1
계약·질의검토,267,기술,0.0412,4
계약·질의검토,268,조치방안,0.041,2
계약·질의검토,269,10초,0.0408,1
계약·질의검토,270,정보보호규정,0.0406,1
계약·질의검토,271,개인정보보호지침,0.0406,1
계약·질의검토,272,요청을,0.0405,1
계약·질의검토,273,제안사와,0.0403,1
계약·질의검토,274,개선조치를,0.04,1
계약·질의검토,275,연동(신규,0.04,1
계약·질의검토,276,라이선스에,0.0393,1
계약·질의검토,277,사용권(라이선스)에,0.0393,1
계약·질의검토,278,추가,0.0393,1
계약·질의검토,279,추가되어야,0.0393,1
계약·질의검토,280,"하며,",0.0392,1
계약·질의검토,281,측정된,0.039,1
계약·질의검토,282,10GE,0.0389,2
계약·질의검토,283,워크스페이스,0.0389,1
계약·질의검토,284,협의를,0.0384,2
계약·질의검토,285,보고서를,0.0382,1
계약·질의검토,286,발생하였을,0.038,2
계약·질의검토,287,사업자”는“발주기관”의,0.0379,1
계약·질의검토,288,제품과,0.0378,3
계약·질의검토,289,검사,0.0376,2
계약·질의검토,290,기술지원을,0.0373,3
계약·질의검토,291,테스트는,0.0372,1
계약·질의검토,292,테스트(UAT)를,0.0372,1
계약·질의검토,293,답변,0.0372,2
계약·질의검토,294,답변을,0.0372,2
계약·질의검토,295,공사에,0.0371,1
계약·질의검토,296,구축을,0.0368,2
계약·질의검토,297,90%를,0.0367,1
계약·질의검토,298,이행,0.0365,1
계약·질의검토,299,성능•확장성을,0.0358,1
계약·질의검토,300,관한사항은,0.0355,1
계약·질의검토,301,경력사항은,0.0355,1
계약·질의검토,302,제품의,0.0354,3
계약·질의검토,303,10,0.0349,3
계약·질의검토,304,발주자가,0.0347,2
계약·질의검토,305,하자,0.0345,4
계약·질의검토,306,10개를,0.0342,1
계약·질의검토,307,테스트하여야,0.0341,1
계약·질의검토,308,분리발주,0.0339,2
계약·질의검토,309,발생하는,0.0337,2
계약·질의검토,310,하자보수의,0.0337,1
계약·질의검토,311,사항에,0.0336,2
계약·질의검토,312,이내의,0.0334,1
계약·질의검토,313,시간이,0.0334,2
계약·질의검토,314,수량은,0.033,3
계약·질의검토,315,테스트에,0.0322,1
계약·질의검토,316,포함되지,0.0321,2
계약·질의검토,317,성능에는,0.0321,1
계약·질의검토,318,상용S/W는,0.0321,1
계약·질의검토,319,응답시간(PER-002)의‘원칙’성능,0.0317,1
계약·질의검토,320,400Gbps이상의,0.0316,1
계약·질의검토,321,보안대책을,0.0315,2
계약·질의검토,322,플랫폼이,0.0308,1
계약·질의검토,323,플랫폼에,0.0308,1
계약·질의검토,324,플랫폼에서,0.0308,1
계약·질의검토,325,제품일,0.0304,1
계약·질의검토,326,검토(성능,0.0303,1
계약·질의검토,327,입력,0.0303,1
계약·질의검토,328,입력의,0.0303,1
계약·질의검토,329,환경을,0.0302,1
계약·질의검토,330,발주기관과의,0.03,1
계약·질의검토,331,통합테스트,0.0299,3
계약·질의검토,332,포함하여,0.0298,2
계약·질의검토,333,어플리케이션,0.0297,1
계약·질의검토,334,처리,0.0297,1
계약·질의검토,335,계약,0.0296,4
계약·질의검토,336,점검사항,0.0295,1
계약·질의검토,337,질의는,0.0291,1
계약·질의검토,338,질의에는,0.0291,1
계약·질의검토,339,결과,0.0291,3
계약·질의검토,340,규정,0.0289,3
계약·질의검토,341,요청자료,0.0288,1
계약·질의검토,342,개발단계(개발·테스트·검증·운영,0.0288,1
계약·질의검토,343,H100,0.0287,2
계약·질의검토,344,발주기관”과,0.0287,1
계약·질의검토,345,성능테스트를,0.0286,1
계약·질의검토,346,제안된,0.0285,4
계약·질의검토,347,비용,0.0284,1
계약·질의검토,348,장비에,0.0284,3
계약·질의검토,349,하자보수보증금을,0.0284,1
계약·질의검토,350,최소,0.0283,1
계약·질의검토,351,수행사에,0.0281,1
계약·질의검토,352,명시되지,0.028,2
계약·질의검토,353,최대한,0.0279,1
계약·질의검토,354,감리수행업체에게,0.0278,1
계약·질의검토,355,감리수행업체의,0.0278,1
계약·질의검토,356,3시간,0.0277,2
계약·질의검토,357,10GbE,0.0276,2
계약·질의검토,358,AI(LLM,0.0275,1
계약·질의검토,359,조치후,0.0273,1
계약·질의검토,360,이행조치,0.0273,1
계약·질의검토,361,제시해야,0.0272,5
계약·질의검토,362,소요되는,0.0272,2
계약·질의검토,363,이상)로,0.027,2
계약·질의검토,364,이상(컴퓨트,0.027,1
계약·질의검토,365,이상(스토리지,0.027,1
계약·질의검토,366,일평균,0.0268,1
계약·질의검토,367,평균,0.0268,1
계약·질의검토,368,과업수행에,0.0267,2
계약·질의검토,369,테스트시,0.0266,1
계약·질의검토,370,컨설팅,0.0264,1
계약·질의검토,371,발주처내)에,0.0264,1
계약·질의검토,372,시간의,0.0263,2
계약·질의검토,373,강화를,0.0263,1
계약·질의검토,374,학습,0.0262,2
계약·질의검토,375,설치·환경구성·테스트,0.0262,1
계약·질의검토,376,장애상황을,0.0261,1
계약·질의검토,377,법령,0.0261,2
계약·질의검토,378,법령(법령,0.0261,2
계약·질의검토,379,사업자는,0.0258,3
계약·질의검토,380,본사와,0.0257,1
계약·질의검토,381,제안하는,0.0257,5
계약·질의검토,382,제안서평가,0.0256,1
계약·질의검토,383,초안,0.0256,1
계약·질의검토,384,조치계획을,0.0253,1
계약·질의검토,385,수행(분리발주,0.0252,1
계약·질의검토,386,장애발생시,0.0251,1
계약·질의검토,387,등)에,0.0248,1
계약·질의검토,388,발주자와,0.0247,2
계약·질의검토,389,성능유지를,0.0245,1
계약·질의검토,390,관리자가,0.0243,2
계약·질의검토,391,장비는,0.0241,1
계약·질의검토,392,검수요청을,0.024,1
계약·질의검토,393,기술제안서,0.024,1
계약·질의검토,394,사업수행을,0.0239,1
계약·질의검토,395,사업수행조직의,0.0239,1
계약·질의검토,396,사업수행지연에,0.0239,1
계약·질의검토,397,도입되는,0.0236,2
계약·질의검토,398,제안할,0.0236,2
계약·질의검토,399,목표에,0.0235,2
계약·질의검토,400,하자보증기간,0.0232,1
계약·질의검토,401,미조치,0.023,1
계약·질의검토,402,장비로,0.0229,2
계약·질의검토,403,사용자별로,0.0228,1
계약·질의검토,404,인터넷,0.0228,1
계약·질의검토,405,연동되도록,0.0226,1
계약·질의검토,406,이상이,0.0226,1
계약·질의검토,407,번호를,0.0225,1
계약·질의검토,408,장비설치,0.0225,1
계약·질의검토,409,"10,000,000CC",0.0224,1
계약·질의검토,410,보안적,0.0222,1
계약·질의검토,411,지연시간으로,0.0221,1
계약·질의검토,412,모델,0.022,1
계약·질의검토,413,목적(모델,0.022,1
계약·질의검토,414,오케스트레이터,0.022,1
계약·질의검토,415,지원해야,0.0218,4
계약·질의검토,416,발주자의,0.0216,2
계약·질의검토,417,요청할,0.0216,2
계약·질의검토,418,발생한,0.0214,2
계약·질의검토,419,협의체,0.0214,1
계약·질의검토,420,권한(사용자,0.0214,1
계약·질의검토,421,사용자와,0.0214,1
계약·질의검토,422,사용자들의,0.0214,1
계약·질의검토,423,질의에,0.0213,1
계약·질의검토,424,질의수,0.0213,1
계약·질의검토,425,사업에,0.0212,2
계약·질의검토,426,공사가,0.0211,2
계약·질의검토,427,없다고,0.021,1
계약·질의검토,428,관련,0.021,1
계약·질의검토,429,프롬프트,0.021,1
계약·질의검토,430,프롬프트를,0.021,1
계약·질의검토,431,국정원,0.0209,1
계약·질의검토,432,협의한,0.0208,1
계약·질의검토,433,사항은「국가를,0.0205,1
계약·질의검토,434,보안요구사항을,0.0203,2
계약·질의검토,435,개발/테스트/DR,0.0202,1
계약·질의검토,436,성능의,0.0201,1
계약·질의검토,437,질의응답,0.02,2
계약·질의검토,438,협의된,0.0199,1
계약·질의검토,439,제안사에,0.0199,3
계약·질의검토,440,구성·라이선스·기술지원,0.0199,1
계약·질의검토,441,복구체계,0.0196,1
계약·질의검토,442,백업/복구,0.0196,1
계약·질의검토,443,SER-003에서,0.0196,1
계약·질의검토,444,업무지원망에서,0.0196,1
계약·질의검토,445,이상)와,0.0195,1
계약·질의검토,446,복구하여야,0.0194,1
계약·질의검토,447,수행해야,0.0194,3
계약·질의검토,448,상대자가,0.0192,1
계약·질의검토,449,보안성심의,0.0192,1
계약·질의검토,450,구성(성능,0.0191,1
계약·질의검토,451,외부,0.0191,2
계약·질의검토,452,조치해야,0.0191,2
계약·질의검토,453,도입·구성,0.0191,1
계약·질의검토,454,발생시,0.0191,1
계약·질의검토,455,비용으로,0.0191,1
계약·질의검토,456,조치방안에,0.019,1
계약·질의검토,457,수행사가,0.0189,1
계약·질의검토,458,사항이,0.0189,1
계약·질의검토,459,제공해야,0.0189,3
계약·질의검토,460,이내여야,0.0188,1
계약·질의검토,461,구축시스템,0.0186,1
계약·질의검토,462,구축시스템과,0.0186,1
계약·질의검토,463,요청에서,0.0186,1
계약·질의검토,464,관한,0.0185,1
계약·질의검토,465,영향(부하,0.0185,1
계약·질의검토,466,기반체계,0.0184,1
계약·질의검토,467,기준과,0.0184,2
계약·질의검토,468,요청이,0.0183,1
계약·질의검토,469,150명(10,0.0183,1
계약·질의검토,470,100명(6.6,0.0183,1
계약·질의검토,471,납품되는,0.0181,1
계약·질의검토,472,규정/세칙/기준,0.0181,1
계약·질의검토,473,과업,0.018,3
계약·질의검토,474,고성능,0.018,1
계약·질의검토,475,허가·심사가,0.0179,1
계약·질의검토,476,수행사는,0.0179,2
계약·질의검토,477,13,0.0178,1
계약·질의검토,478,정의해야,0.0178,3
계약·질의검토,479,가용성·응답,0.0177,1
계약·질의검토,480,응답시간을,0.0177,1
계약·질의검토,481,비용에,0.0177,1
계약·질의검토,482,수량으로,0.0176,2
계약·질의검토,483,가능,0.0174,2
계약·질의검토,484,도입/운용,0.0174,1
계약·질의검토,485,환경에서도,0.0174,1
계약·질의검토,486,질의,0.0173,2
계약·질의검토,487,계약에,0.0172,4
계약·질의검토,488,부담(세부,0.0171,1
계약·질의검토,489,영향도를,0.0171,1
계약·질의검토,490,답변에,0.0171,1
계약·질의검토,491,답변이,0.0171,1
계약·질의검토,492,통합테스트를,0.0171,1
계약·질의검토,493,통합테스트는,0.0171,1
계약·질의검토,494,통합테스트와,0.0171,1
계약·질의검토,495,통합테스트로,0.0171,1
계약·질의검토,496,않아,0.017,1
계약·질의검토,497,부하테스트를,0.0169,1
계약·질의검토,498,제출해야,0.0169,4
계약·질의검토,499,이전되었음을,0.0168,2
계약·질의검토,500,보호,0.0168,1
계약·질의검토,501,과업수행을,0.0167,1
계약·질의검토,502,환경제공을,0.0166,1
계약·질의검토,503,공사에서는,0.0165,1
계약·질의검토,504,조치목표,0.0165,1
계약·질의검토,505,GPU-H100-2,0.0165,1
계약·질의검토,506,담당자가,0.0165,1
계약·질의검토,507,조치계획,0.0164,1
계약·질의검토,508,조치결과를,0.0164,1
계약·질의검토,509,제안가격을,0.0164,2
계약·질의검토,510,사업자,0.0162,3
계약·질의검토,511,계약사항에,0.0159,1
계약·질의검토,512,협의에,0.0158,1
계약·질의검토,513,전원,0.0158,1
계약·질의검토,514,전원공급을,0.0158,1
계약·질의검토,515,소요,0.0158,1
계약·질의검토,516,이전,0.0155,1
계약·질의검토,517,사용자(관리자,0.0155,1
계약·질의검토,518,제안서의,0.0155,2
계약·질의검토,519,제안요청,0.0155,2
계약·질의검토,520,지원할,0.0155,1
계약·질의검토,521,필요시,0.0154,1
계약·질의검토,522,대용량,0.0154,1
계약·질의검토,523,대용량작업으로,0.0154,1
계약·질의검토,524,환경,0.0154,1
계약·질의검토,525,기준'이며,0.0154,1
계약·질의검토,526,기준(목표값)은,0.0154,1
계약·질의검토,527,복호화가,0.0154,1
계약·질의검토,528,대해서는,0.0153,1
계약·질의검토,529,인터페이스는,0.0153,1
계약·질의검토,530,장애관리,0.0153,1
계약·질의검토,531,사업기간,0.0153,2
계약·질의검토,532,유상하자보수,0.0153,1
계약·질의검토,533,외부의,0.0152,1
계약·질의검토,534,수행시간이,0.0151,1
계약·질의검토,535,시험평가를,0.0151,1
계약·질의검토,536,시험평가,0.0151,1
계약·질의검토,537,시험평가에서,0.0151,1
계약·질의검토,538,100,0.015,1
계약·질의검토,539,계약서,0.015,1
계약·질의검토,540,계약조건을,0.015,1
계약·질의검토,541,이상인,0.0149,1
계약·질의검토,542,제안해야,0.0148,2
계약·질의검토,543,가능하게,0.0148,1
계약·질의검토,544,제품공급확약서,0.0146,1
계약·질의검토,545,ECM,0.0146,1
계약·질의검토,546,발주자에게,0.0146,1
계약·질의검토,547,30,0.0145,1
계약·질의검토,548,성능비교시험(BMT)을,0.0143,1
계약·질의검토,549,성능저하,0.0143,1
계약·질의검토,550,감사가,0.0143,1
계약·질의검토,551,보관해야,0.0143,2
계약·질의검토,552,설치계획을,0.0142,1
계약·질의검토,553,설치로,0.0142,1
계약·질의검토,554,설치에,0.0142,1
계약·질의검토,555,포함해야,0.0141,4
계약·질의검토,556,제품이어야,0.0139,2
계약·질의검토,557,조항은,0.0139,1
계약·질의검토,558,구매·공사플랫폼,0.0138,1
계약·질의검토,559,안전플랫폼은,0.0138,1
계약·질의검토,560,납품/설치/구축한,0.0137,1
계약·질의검토,561,납품/설치/구축하여야,0.0137,1
계약·질의검토,562,장비,0.0137,2
계약·질의검토,563,학습에,0.0137,1
계약·질의검토,564,질의응답(QnA,0.0136,1
계약·질의검토,565,설정한다(예,0.0135,1
계약·질의검토,566,설정한다,0.0135,1
계약·질의검토,567,품질기준,0.0135,1
계약·질의검토,568,기준으로,0.0135,1
계약·질의검토,569,조치사항,0.0132,1
계약·질의검토,570,경우에도,0.0132,1
계약·질의검토,571,부담하며,0.0129,1
계약·질의검토,572,요청하는,0.0128,1
계약·질의검토,573,S/W만,0.0128,1
계약·질의검토,574,분담해야,0.0128,1
계약·질의검토,575,목표,0.0128,1
계약·질의검토,576,시험운영은,0.0127,1
계약·질의검토,577,통합시험이,0.0127,1
계약·질의검토,578,시험운영,0.0127,1
계약·질의검토,579,제안(랙,0.0126,1
계약·질의검토,580,협의)을,0.0126,1
계약·질의검토,581,협의하에,0.0126,1
계약·질의검토,582,요청해야,0.0126,1
계약·질의검토,583,구매,0.0126,1
계약·질의검토,584,우선구매,0.0126,1
계약·질의검토,585,결과물의,0.0126,1
계약·질의검토,586,실시(제안요청서,0.0126,1
계약·질의검토,587,학습을,0.0126,1
계약·질의검토,588,학습데이터셋,0.0126,1
계약·질의검토,589,학습데이터터셋,0.0126,1
계약·질의검토,590,학습데이터,0.0126,1
계약·질의검토,591,AI(RAG,0.0125,1
계약·질의검토,592,가이드라인,0.0124,1
계약·질의검토,593,가이드라인에,0.0124,1
계약·질의검토,594,구성되어야,0.0124,1
계약·질의검토,595,되어야,0.0124,1
계약·질의검토,596,검증해야,0.0124,2
계약·질의검토,597,이내)로,0.0124,1
계약·질의검토,598,이내)를,0.0124,1
계약·질의검토,599,이내를,0.0124,1
계약·질의검토,600,체크리스트,0.0124,1
계약·질의검토,601,얻어야,0.0124,1
계약·질의검토,602,포함되어야,0.0124,1
계약·질의검토,603,80GB,0.0123,1
계약·질의검토,604,보장해야,0.0122,1
계약·질의검토,605,충족해야,0.0122,1
계약·질의검토,606,상호협의시에,0.0122,1
계약·질의검토,607,100GB,0.0122,1
계약·질의검토,608,100TB(Raid,0.0122,1
계약·질의검토,609,연계는,0.0122,2
계약·질의검토,610,안정화를,0.012,1
계약·질의검토,611,안정화,0.012,1
계약·질의검토,612,유지보수,0.0118,3
계약·질의검토,613,결재라인,0.0118,2
계약·질의검토,614,단위테스트,0.0118,1
계약·질의검토,615,테스트될,0.0118,1
계약·질의검토,616,처리를,0.0117,1
계약·질의검토,617,처리할,0.0117,1
계약·질의검토,618,발생시키는,0.0117,1
계약·질의검토,619,사업수행사의,0.0116,1
계약·질의검토,620,규정집,0.0115,1
계약·질의검토,621,내규(규정,0.0115,1
계약·질의검토,622,여신규정,0.0115,1
계약·질의검토,623,소요경비는“사업자”가,0.0114,1
계약·질의검토,624,결과물을,0.0114,1
계약·질의검토,625,이상에,0.0113,1
계약·질의검토,626,사업수행실적,0.0113,1
계약·질의검토,627,사용자는,0.0113,1
계약·질의검토,628,수행사,0.0112,1
계약·질의검토,629,2식,0.0112,1
계약·질의검토,630,S/W(공개S/W,0.0112,1
계약·질의검토,631,S/W별,0.0112,1
계약·질의검토,632,S/W공급사는,0.0112,1
계약·질의검토,633,요구사항별,0.011,1
계약·질의검토,634,등)을,0.011,1
계약·질의검토,635,등)를,0.011,1
계약·질의검토,636,보호법,0.0109,1
계약·질의검토,637,보호법」에,0.0109,1
계약·질의검토,638,기준치는,0.0109,1
계약·질의검토,639,기준(AES-256,0.0109,1
계약·질의검토,640,발생률이,0.0109,1
계약·질의검토,641,24시간,0.0109,1
계약·질의검토,642,시간·오류율,0.0109,1
계약·질의검토,643,실시간,0.0109,1
계약·질의검토,644,에러복구,0.0109,1
계약·질의검토,645,복구기능을,0.0109,1
계약·질의검토,646,질의하여,0.0109,1
계약·질의검토,647,조치사항을,0.0108,1
계약·질의검토,648,조치사항에,0.0108,1
계약·질의검토,649,윤리적,0.0108,1
계약·질의검토,650,윤리위원회,0.0108,1
계약·질의검토,651,사항을,0.0107,1
계약·질의검토,652,조항을,0.0107,1
계약·질의검토,653,수량을,0.0107,1
계약·질의검토,654,대화형,0.0107,1
계약·질의검토,655,대화,0.0107,1
계약·질의검토,656,대화에,0.0107,1
계약·질의검토,657,메시지를,0.0107,1
계약·질의검토,658,팝업/이미지/메시지,0.0107,1
계약·질의검토,659,이전에,0.0107,1
계약·질의검토,660,기준이,0.0106,1
계약·질의검토,661,400Gbps,0.0106,2
계약·질의검토,662,10Gbps,0.0106,2
계약·질의검토,663,법적기준,0.0105,1
계약·질의검토,664,제안제품의,0.0105,1
계약·질의검토,665,제안제품을,0.0105,1
계약·질의검토,666,결과서(시큐어코딩,0.0104,1
계약·질의검토,667,검수시험계획서를,0.0104,1
계약·질의검토,668,검수를,0.0104,1
계약·질의검토,669,검수결과,0.0104,1
계약·질의검토,670,검수과정,0.0104,1
계약·질의검토,671,검수자의,0.0104,1
계약·질의검토,672,결재라인이,0.0103,1
계약·질의검토,673,조직도·양식·결재라인,0.0103,1
계약·질의검토,674,내에,0.0103,1
계약·질의검토,675,1년이내에,0.0103,1
계약·질의검토,676,통합발주,0.0101,1
계약·질의검토,677,계약서에,0.0101,2
계약·질의검토,678,계약기간(하자,0.0101,2
계약·질의검토,679,시험환경,0.0101,1
계약·질의검토,680,보안평가,0.0101,1
계약·질의검토,681,보안평가에,0.0101,1
계약·질의검토,682,기술되지,0.01,1
계약·질의검토,683,발생되지,0.01,1
계약·질의검토,684,결함관리(유형,0.0099,1
계약·질의검토,685,결함,0.0099,1
계약·질의검토,686,결함의,0.0099,1
계약·질의검토,687,적용해야,0.0099,2
계약·질의검토,688,수립해야,0.0099,2
계약·질의검토,689,검증을,0.0098,1
계약·질의검토,690,사내규정,0.0097,1
계약·질의검토,691,사내규정(인사규정,0.0097,1
계약·질의검토,692,취업규정,0.0097,1
계약·질의검토,693,휴가규정,0.0097,1
계약·질의검토,694,사내규정(43건,0.0097,1
계약·질의검토,695,규정의,0.0097,1
계약·질의검토,696,출처(규정명,0.0097,1
계약·질의검토,697,규정에,0.0097,1
계약·질의검토,698,규정하는,0.0097,1
계약·질의검토,699,사내규정을,0.0097,1
계약·질의검토,700,발생될,0.0097,1
계약·질의검토,701,복구시간(RTO,0.0097,1
계약·질의검토,702,복구지점(RPO,0.0097,1
계약·질의검토,703,10Gb/s,0.0097,1
계약·질의검토,704,100Gb/s,0.0097,1
계약·질의검토,705,수행하여,0.0097,1
계약·질의검토,706,진행하여야,0.0097,1
계약·질의검토,707,요건검증(신청,0.0097,1
계약·질의검토,708,요건검증을,0.0097,1
계약·질의검토,709,보완사항이,0.0096,1
계약·질의검토,710,보완조치를,0.0096,1
계약·질의검토,711,보완하여야,0.0096,1
계약·질의검토,712,납품할,0.0096,1
계약·질의검토,713,계약금액에,0.0096,1
계약·질의검토,714,장애조치,0.0095,1
계약·질의검토,715,기록·관리해야,0.0094,1
계약·질의검토,716,기록해야,0.0094,1
계약·질의검토,717,정보기술에,0.0094,2
계약·질의검토,718,협의·조정할,0.0094,1
계약·질의검토,719,연동대상시스템,0.0094,1
계약·질의검토,720,연동내용,0.0094,1
계약·질의검토,721,연동정보,0.0094,1
계약·질의검토,722,포털연동,0.0094,1
계약·질의검토,723,연동하여,0.0094,1
계약·질의검토,724,연동양식을,0.0094,1
계약·질의검토,725,경우를,0.0093,1
계약·질의검토,726,경우는,0.0093,1
계약·질의검토,727,12Gbps,0.0093,1
계약·질의검토,728,HTTPS,0.0093,1
계약·질의검토,729,1.5Gbps,0.0093,1
계약·질의검토,730,장애처리를,0.0093,1
계약·질의검토,731,장애요소를,0.0093,1
계약·질의검토,732,장애대책,0.0093,1
계약·질의검토,733,지원범위,0.0092,1
계약·질의검토,734,지원방법,0.0092,1
계약·질의검토,735,지원인원,0.0092,1
계약·질의검토,736,이상이어야,0.0092,1
계약·질의검토,737,이상(메모리,0.0092,1
계약·질의검토,738,이상(최적,0.0092,1
계약·질의검토,739,이상징후,0.0092,1
계약·질의검토,740,과업을,0.0091,2
계약·질의검토,741,요약(제출자료,0.0091,1
계약·질의검토,742,요약,0.0091,1
계약·질의검토,743,과업대상,0.0089,1
계약·질의검토,744,이관,0.0089,1
계약·질의검토,745,이관할,0.0089,1
계약·질의검토,746,입주기관,0.0089,1
계약·질의검토,747,완제품으로,0.0088,1
계약·질의검토,748,발주,0.0088,1
계약·질의검토,749,발주할,0.0088,1
계약·질의검토,750,500TFlops,0.0087,1
계약·질의검토,751,응답에,0.0087,1
계약·질의검토,752,제품출시일,0.0087,1
계약·질의검토,753,제품공급확인서를,0.0087,1
계약·질의검토,754,Intel,0.0086,1
계약·질의검토,755,Internal,0.0086,1
계약·질의검토,756,운영자교육을,0.0083,1
계약·질의검토,757,납품장비,0.0083,1
계약·질의검토,758,보안장비,0.0083,1
계약·질의검토,759,포함)를,0.0082,1
계약·질의검토,760,포함하는,0.0082,1
계약·질의검토,761,기본으로,0.0081,1
계약·질의검토,762,온라인으로,0.0081,1
계약·질의검토,763,공통으로,0.0081,1
계약·질의검토,764,측정기준,0.0081,1
계약·질의검토,765,가능할,0.0081,1
계약·질의검토,766,인수검사,0.008,1
계약·질의검토,767,인수검사를,0.008,1
계약·질의검토,768,10대,0.008,1
계약·질의검토,769,10/25G,0.008,1
계약·질의검토,770,SW,0.0078,1
계약·질의검토,771,수행(SW,0.0078,1
계약·질의검토,772,SW에,0.0078,1
계약·질의검토,773,시스템(SAP)에서,0.0078,1
계약·질의검토,774,조달청에서,0.0078,1
계약·질의검토,775,제품이며,0.0077,1
계약·질의검토,776,서버접근통제제품,0.0077,1
계약·질의검토,777,제안요청서의,0.0077,1
계약·질의검토,778,제안업체,0.0077,1
계약·질의검토,779,법·규정을,0.0076,1
계약·질의검토,780,사용,0.0075,1
계약·질의검토,781,사용자만,0.0075,1
계약·질의검토,782,사용할,0.0075,1
계약·질의검토,783,표출해야,0.0074,1
계약·질의검토,784,단위시험,0.0074,1
계약·질의검토,785,통합시험,0.0074,1
계약·질의검토,786,승인(인수)시험,0.0074,1
계약·질의검토,787,시험방법,0.0074,1
계약·질의검토,788,시험,0.0074,1
계약·질의검토,789,시험절차를,0.0074,1
계약·질의검토,790,시스템시험,0.0074,1
계약·질의검토,791,단위시험은,0.0074,1
계약·질의검토,792,통합시험은,0.0074,1
계약·질의검토,793,승인(인수)시험은,0.0074,1
계약·질의검토,794,지원방안과,0.0072,1
계약·질의검토,795,지원하며,0.0072,1
계약·질의검토,796,10G-Base-T,0.0072,1
계약·질의검토,797,FHD(1920x1080,0.0072,1
계약·질의검토,798,경우에는,0.0072,1
계약·질의검토,799,성능지표를,0.0071,1
계약·질의검토,800,성능지표,0.0071,1
계약·질의검토,801,이상)을,0.007,1
계약·질의검토,802,장애대응,0.007,1
계약·질의검토,803,사업수행시,0.007,1
계약·질의검토,804,발주처와,0.007,1
계약·질의검토,805,발주처의,0.007,1
계약·질의검토,806,보안요구사항,0.0069,2
계약·질의검토,807,음성을,0.0068,1
계약·질의검토,808,음성의,0.0068,1
계약·질의검토,809,음성과,0.0068,1
계약·질의검토,810,운영지원,0.0067,1
계약·질의검토,811,지원대책,0.0067,1
계약·질의검토,812,텍스트(라인,0.0067,1
계약·질의검토,813,준수,0.0067,1
계약·질의검토,814,수행치,0.0067,1
계약·질의검토,815,동시성계수,0.0066,1
계약·질의검토,816,한다(동시,0.0066,1
계약·질의검토,817,한다(동시접속자,0.0066,1
계약·질의검토,818,동시접속,0.0066,1
계약·질의검토,819,개발·구축하여야,0.0066,1
계약·질의검토,820,구축에,0.0066,1
계약·질의검토,821,수행사에서,0.0066,1
계약·질의검토,822,수행사의,0.0066,1
계약·질의검토,823,발생되었을,0.0066,1
계약·질의검토,824,문서를,0.0065,1
계약·질의검토,825,문서들을,0.0065,1
계약·질의검토,826,문서,0.0065,1
계약·질의검토,827,문서가,0.0065,1
계약·질의검토,828,문서명,0.0065,1
계약·질의검토,829,테스트케이스,0.0065,1
계약·질의검토,830,보완/테스트를,0.0065,1
계약·질의검토,831,질의와,0.0064,1
계약·질의검토,832,이상(On,0.0064,1
계약·질의검토,833,이상)이,0.0064,1
계약·질의검토,834,제안하고,0.0064,1
계약·질의검토,835,제안가,0.0064,1
계약·질의검토,836,제안시,0.0064,1
계약·질의검토,837,연계대상,0.0064,1
계약·질의검토,838,연계범위,0.0064,1
계약·질의검토,839,연계방식,0.0064,1
계약·질의검토,840,연계주기,0.0064,1
계약·질의검토,841,기술기획,0.0064,1
계약·질의검토,842,기술사,0.0064,1
계약·질의검토,843,소프트웨어기술자,0.0064,1
계약·질의검토,844,장비간에,0.0063,1
계약·질의검토,845,사항이라도,0.0063,1
계약·질의검토,846,통합사업자로,0.0062,1
계약·질의검토,847,시스템통합사업자는,0.0062,1
계약·질의검토,848,통합,0.0062,1
계약·질의검토,849,통합운영방안,0.0062,1
계약·질의검토,850,통합사업자,0.0062,1
계약·질의검토,851,보완조치,0.0062,1
계약·질의검토,852,조치하도록,0.0062,1
계약·질의검토,853,제한시간,0.0062,1
계약·질의검토,854,질의응답시간,0.0062,1
계약·질의검토,855,프롬프트·에이전트,0.0061,1
계약·질의검토,856,사용되는,0.0061,1
계약·질의검토,857,적용되는,0.0061,1
계약·질의검토,858,개발되는,0.0061,1
계약·질의검토,859,결과는,0.0061,1
계약·질의검토,860,보안사고,0.0061,1
계약·질의검토,861,보안관리대책(참여,0.0061,1
계약·질의검토,862,하자관리계획서(비상연락망체계,0.006,1
계약·질의검토,863,하자로,0.006,1
계약·질의검토,864,선택하여,0.006,1
계약·질의검토,865,선택한,0.006,1
계약·질의검토,866,선택,0.006,1
계약·질의검토,867,제안되는,0.0059,1
계약·질의검토,868,개발해야,0.0059,1
계약·질의검토,869,점검해야,0.0059,1
계약·질의검토,870,완료해야,0.0059,1
계약·질의검토,871,진행,0.0059,1
계약·질의검토,872,진행하며,0.0059,1
계약·질의검토,873,진행문서,0.0059,1
계약·질의검토,874,연계함,0.0058,1
계약·질의검토,875,연계기술을,0.0058,1
계약·질의검토,876,과업변경심의위원회,0.0058,1
계약·질의검토,877,과업의,0.0058,1
계약·질의검토,878,하자에,0.0057,1
계약·질의검토,879,하자를,0.0057,1
계약·질의검토,880,하자의,0.0057,1
계약·질의검토,881,통합을,0.0056,1
계약·질의검토,882,국방통합데이터센터와,0.0056,1
계약·질의검토,883,연계·통합,0.0056,1
계약·질의검토,884,국방통합데이터센터의,0.0056,1
계약·질의검토,885,통합업무를,0.0056,1
계약·질의검토,886,도입하여야,0.0055,1
계약·질의검토,887,도입수량은,0.0055,1
계약·질의검토,888,화면에서,0.0054,1
계약·질의검토,889,언론에서,0.0054,1
계약·질의검토,890,언론사에서,0.0054,1
계약·질의검토,891,장비(GPU,0.0054,1
계약·질의검토,892,장비의,0.0054,1
계약·질의검토,893,요청된,0.0054,1
계약·질의검토,894,요청은,0.0054,1
계약·질의검토,895,통합하여,0.0053,1
계약·질의검토,896,제안요청서상의,0.0053,1
계약·질의검토,897,하자담보책임기간,0.0052,1
계약·질의검토,898,기술이전을,0.0052,1
계약·질의검토,899,기술을,0.0052,1
계약·질의검토,900,업그레이드,0.0052,1
계약·질의검토,901,업그레이드시,0.0052,1
계약·질의검토,902,마이그레이션,0.0052,1
계약·질의검토,903,보수책임을,0.0052,1
계약·질의검토,904,보수함,0.0052,1
계약·질의검토,905,보수하여야,0.0052,1
계약·질의검토,906,보수가,0.0052,1
계약·질의검토,907,2ea,0.0051,1
계약·질의검토,908,4ea,0.0051,1
계약·질의검토,909,8ea,0.0051,1
계약·질의검토,910,전자결재,0.0051,2
계약·질의검토,911,결재,0.0051,2
계약·질의검토,912,결재그룹,0.0051,2
계약·질의검토,913,처리해야,0.005,1
계약·질의검토,914,통제해야,0.005,1
계약·질의검토,915,검사해야,0.005,1
계약·질의검토,916,실시해야,0.005,2
계약·질의검토,917,제품별,0.005,1
계약·질의검토,918,제품대비,0.005,1
계약·질의검토,919,도입제품은,0.005,1
계약·질의검토,920,이상)를,0.005,1
계약·질의검토,921,이상(100Mbps,0.005,1
계약·질의검토,922,평가기준,0.005,1
계약·질의검토,923,평가분야는,0.005,1
계약·질의검토,924,보안서약서를,0.0049,1
계약·질의검토,925,보안상,0.0049,1
계약·질의검토,926,보안교육을,0.0049,1
계약·질의검토,927,보안점검에,0.0049,1
계약·질의검토,928,보안점검,0.0049,1
계약·질의검토,929,보안위규처리,0.0049,1
계약·질의검토,930,보안위약금,0.0049,1
계약·질의검토,931,보안준수사항을,0.0049,1
계약·질의검토,932,연계해야,0.0048,1
계약·질의검토,933,관리해야,0.0048,1
계약·질의검토,934,저장해야,0.0048,1
계약·질의검토,935,작동해야,0.0048,1
계약·질의검토,936,반입해야,0.0048,1
계약·질의검토,937,요구할,0.0048,1
계약·질의검토,938,요구,0.0048,1
계약·질의검토,939,요구사항(또는,0.0048,1
계약·질의검토,940,상담시간,0.0046,1
계약·질의검토,941,가용시간(09:00~18:00,0.0046,1
계약·질의검토,942,가용시간,0.0046,1
계약·질의검토,943,시간대는,0.0046,1
계약·질의검토,944,보수하거나,0.0046,1
계약·질의검토,945,유상유지보수를,0.0046,1
계약·질의검토,946,자체유지보수,0.0046,1
계약·질의검토,947,사업의,0.0046,1
계약·질의검토,948,사업제안사는,0.0046,1
계약·질의검토,949,사업전체,0.0046,1
계약·질의검토,950,전담해야,0.0044,1
계약·질의검토,951,투입해야,0.0044,1
계약·질의검토,952,교체해야,0.0044,1
계약·질의검토,953,수집,0.0044,1
계약·질의검토,954,수집(중복수집,0.0044,1
계약·질의검토,955,수집정보는,0.0044,1
계약·질의검토,956,수집된,0.0044,1
계약·질의검토,957,수집대상,0.0044,1
계약·질의검토,958,납품하는,0.0044,1
계약·질의검토,959,납품(제조사,0.0044,1
계약·질의검토,960,납품되기,0.0044,1
계약·질의검토,961,모델/기술,0.0043,1
계약·질의검토,962,적용기술,0.0043,1
계약·질의검토,963,기술자문에,0.0043,1
계약·질의검토,964,INR-DTL-002,0.0042,1
계약·질의검토,965,INR-DTL-003,0.0042,1
계약·질의검토,966,INR-DTL-004,0.0042,1
계약·질의검토,967,INR-DTL-005,0.0042,1
계약·질의검토,968,Linux,0.0042,1
계약·질의검토,969,신제품으로,0.0042,1
계약·질의검토,970,신규제품으로,0.0042,1
계약·질의검토,971,최소녹색기준제품,0.0042,1
계약·질의검토,972,하자보증확약서를,0.0041,1
계약·질의검토,973,설계해야,0.004,1
계약·질의검토,974,해야,0.004,1
계약·질의검토,975,제안하며,0.004,1
계약·질의검토,976,계약업체로,0.004,1
계약·질의검토,977,외부시스템(의약품안전나라,0.0039,1
계약·질의검토,978,외부망,0.0039,1
계약·질의검토,979,시스템(서버,0.0038,1
계약·질의검토,980,정보시스템,0.0038,1
계약·질의검토,981,시스템의,0.0038,1
계약·질의검토,982,시스템이,0.0038,1
계약·질의검토,983,응용시스템에,0.0038,1
계약·질의검토,984,8.10,0.0037,1
계약·질의검토,985,10GB,0.0037,1
계약·질의검토,986,10식,0.0037,1
계약·질의검토,987,제품(HW/SW,0.0037,1
계약·질의검토,988,제품유형,0.0037,1
계약·질의검토,989,제품명칭,0.0037,1
계약·질의검토,990,정보보호제품,0.0037,1
계약·질의검토,991,적합제품,0.0037,1
계약·질의검토,992,결재문서,0.0036,1
계약·질의검토,993,계약의,0.0036,1
계약·질의검토,994,계약변경,0.0036,1
계약·질의검토,995,계약조건,0.0036,1
계약·질의검토,996,계약위반,0.0036,1
계약·질의검토,997,계약을,0.0036,1
계약·질의검토,998,계약목적을,0.0036,1
계약·질의검토,999,계약기간,0.0036,1
계약·질의검토,1000,계약업체에게,0.0035,1
계약·질의검토,1001,계약목적물에,0.0035,1
계약·질의검토,1002,용역계약일반조건(계약예규)에,0.0035,1
계약·질의검토,1003,계약목적물의,0.0035,1
계약·질의검토,1004,용역계약일반조건,0.0035,1
계약·질의검토,1005,제56조(계약목적물의,0.0035,1
계약·질의검토,1006,과업변경,0.0033,1
계약·질의검토,1007,SW과업변경심의위원회,0.0033,1
계약·질의검토,1008,과업내용을,0.0033,1
계약·질의검토,1009,주요과업,0.0033,1
계약·질의검토,1010,가용자원을,0.0033,1
계약·질의검토,1011,11,0.0033,1
계약·질의검토,1012,12,0.0033,1
계약·질의검토,1013,14,0.0033,1
계약·질의검토,1014,15,0.0033,1
계약·질의검토,1015,16,0.0033,1
계약·질의검토,1016,17,0.0033,1
계약·질의검토,1017,18,0.0033,1
계약·질의검토,1018,사업을,0.0033,1
계약·질의검토,1019,교육훈련계획서를,0.0032,1
계약·질의검토,1020,교육용,0.0032,1
계약·질의검토,1021,교육받은,0.0032,1
계약·질의검토,1022,교육시간,0.0032,1
계약·질의검토,1023,교육을,0.0032,1
계약·질의검토,1024,교육과,0.0032,1
계약·질의검토,1025,교육에는,0.0032,1
계약·질의검토,1026,교육에,0.0032,1
계약·질의검토,1027,방법(교육,0.0032,1
계약·질의검토,1028,물품이,0.0032,1
계약·질의검토,1029,이를,0.0032,1
계약·질의검토,1030,매칭이,0.0032,1
계약·질의검토,1031,이용하며,0.0032,1
계약·질의검토,1032,사이트를,0.0032,1
계약·질의검토,1033,서버보안,0.0029,1
계약·질의검토,1034,보안기능확인서를,0.0029,1
계약·질의검토,1035,보안기능점검표에서,0.0029,1
계약·질의검토,1036,보안기능을,0.0029,1
계약·질의검토,1037,보안정책,0.0029,1
계약·질의검토,1038,보안등급을,0.0029,1
계약·질의검토,1039,보안정책에,0.0029,1
계약·질의검토,1040,최종응답의,0.0026,1
계약·질의검토,1041,응답의,0.0026,1
계약·질의검토,1042,질의/응답에,0.0026,1
계약·질의검토,1043,응답시간,0.0026,1
계약·질의검토,1044,응답이,0.0026,1
계약·질의검토,1045,응답방식을,0.0026,1
계약·질의검토,1046,강구해야,0.0026,1
계약·질의검토,1047,부담해야,0.0026,1
계약·질의검토,1048,득해야,0.0024,1
계약·질의검토,1049,제작·제공해야,0.0024,1
계약·질의검토,1050,작성해야,0.0024,1
계약·질의검토,1051,작성·제공해야,0.0024,1
계약·질의검토,1052,응해야,0.0024,1
계약·질의검토,1053,수행,0.0021,1
계약·질의검토,1054,높은(숫자·문자·특수문자,0.0021,1
계약·질의검토,1055,횟수(5회,0.0021,1
계약·질의검토,1056,수립하고,0.0021,1
계약·질의검토,1057,유지보수인력,0.0021,1
계약·질의검토,1058,수집할,0.0021,1
계약·질의검토,1059,특수조건을,0.0021,1
계약·질의검토,1060,51.2Tbps,0.0018,1
계약·질의검토,1061,25.6Tbps,0.0018,1
계약·질의검토,1062,8.35Bpps,0.0018,1
계약·질의검토,1063,3.6Tbps,0.0018,1
계약·질의검토,1064,1.8Tbps,0.0018,1
계약·질의검토,1065,1.2Bpps,0.0018,1
계약·질의검토,1066,176Gbps,0.0018,1
계약·질의검토,1067,88Gbps,0.0018,1
계약·질의검토,1068,130.95Mpps,0.0018,1
계약·질의검토,1069,1Gbps,0.0018,1
계약·질의검토,1070,선정사유(제안내용과의,0.0017,1
계약·질의검토,1071,제안일,0.0017,1
계약·질의검토,1072,제안에,0.0017,1
계약·질의검토,1073,평가계획서(hwp,0.0016,1
계약·질의검토,1074,평가기준에,0.0016,1
계약·질의검토,1075,평가항목,0.0016,1
계약·질의검토,1076,평가항목은,0.0016,1
계약·질의검토,1077,절대·상대평가가,0.0016,1
계약·질의검토,1078,정량평가,0.0016,1
계약·질의검토,1079,평가위원,0.0016,1
계약·질의검토,1080,평가위원별,0.0016,1
계약·질의검토,1081,평가결과,0.0016,1
계약·질의검토,1082,평가기준(절대/상대,0.0016,1
계약·질의검토,1083,평가표,0.0016,1
계약·질의검토,1084,평가보고서,0.0016,1
계약·질의검토,1085,평가위원명,0.0016,1
계약·질의검토,1086,평가위원회,0.0016,1
계약·질의검토,1087,결재선,0.0015,1
계약·질의검토,1088,일괄기안·연속결재·일괄접수,0.0015,1
계약·질의검토,1089,긴급결재,0.0015,1
계약·질의검토,1090,설정(기안자·결재선,0.0015,1
계약·질의검토,1091,결재대기·공람·발송·접수,0.0015,1
계약·질의검토,1092,결재자,0.0015,1
계약·질의검토,1093,항목(순번·결재자명·결재일,0.0015,1
계약·질의검토,1094,"국가정보보안기본지침」,「과기정통부",0.0008,1
계약·질의검토,1095,정보보안기본지침」등,0.0008,1
계약·질의검토,1096,보안대책,0.0008,1
계약·질의검토,1097,보안관리,0.0008,1
계약·질의검토,1098,보안교육,0.0008,1
계약·질의검토,1099,보안교육에,0.0008,1
계약·질의검토,1100,보안에,0.0008,1
계약·질의검토,1101,국가정보보안기본지침,0.0008,1
계약·질의검토,1102,개발보안,0.0008,1
계약·질의검토,1103,정보보안담당관의,0.0008,1
계약·질의검토,1104,보안통제,0.0008,1
계약·질의검토,1105,정보보안팀에,0.0008,1
계약·질의검토,1106,보안프로그램,0.0008,1
계약·질의검토,1107,보안상태,0.0008,1
계약·질의검토,1108,문서보안,0.0008,1
계약·질의검토,1109,보안대책에,0.0008,1
계약·질의검토,1110,보안․네트워크장비는,0.0008,1
계약·질의검토,1111,보안점검(불시,0.0008,1
계약·질의검토,1112,보안대책의,0.0008,1
계약·질의검토,1113,AI보안,0.0008,1
